name,ra,dec,l,b,pmra,pmdec,median_member_parallax,median_member_RV,x,y,z,u,v,w,rho,phi,z_cyl,v_rho,v_phi,v_z
ASCC_19,81.97812989,-1.8560224,204.78898604,-19.38,1.16771674,-1.18247821,2.80202761,19.0325845,-305.6429854462593,-141.15559475587494,-118.42277297092713,-15.40938913789368,-10.08651549550371,-5.5639053266725265,8.557078632455191,359.05482224081754,-0.09685245069734563,0.44771477693647527,234.9528609128722,1.7249258278571313
ASCC_20,82.19355425,1.72130405,201.59021723,-17.47,-0.5690951,0.75899004,2.7481204750000003,29.782133,-322.74264865805026,-127.71911469104239,-109.25818791271065,-26.95059400214934,-8.921045384730533,-9.150612297731413,8.573942139712582,359.14648240274295,-0.0876447876259301,12.355147030622028,236.28925430189062,-1.8326867410681997
ASCC_21,82.21204038,3.60658547,199.8828505,-16.53,1.5323534,-0.57628365,2.8954472950000003,16.2056355,-311.35913579544655,-112.6050383525912,-98.26433716559302,-14.366508713003704,-7.38869137189387,-2.9694311249326097,8.56232011011512,359.24647122593626,-0.07667963357290196,0.14880010282120368,237.63383394168906,4.316767919315741
ASCC_58,153.70559195,-55.02031159,281.70492996,1.263,-13.301967,2.7601003,2.09175946,10.6041045,96.96252765053994,-468.0115385301166,10.535171082345958,-25.653919368487617,-16.40654164628549,-11.534263169719244,8.166407205839748,356.71461495178124,0.03109012698449838,1.458400364318937,229.05353609212014,-4.219608359082511
ASCC_99,282.17181947,-18.38406542,16.16547486,-7.682,5.24745277,-1.30712533,3.31895626,-30.593239,286.78949228539045,83.13268323743112,-40.27602152778011,-30.54094298377701,-7.164766903607441,-3.3945492939388564,7.963720524218772,0.5981157287579322,-0.020198418407903988,21.931084870008682,237.61927722029031,3.93240745722061
ASCC_101,288.34468256,36.35990257,68.00063836,11.64,0.96745283,1.28139139,2.5091585800000002,-19.025778,146.2194775107413,361.9175160498542,80.43437301536258,-9.686347177102716,-16.049036294769788,-4.4480129346066635,8.111629619653497,2.5572195350208347,0.1008662073825177,8.814061178682698,228.78555487673736,2.8263851220911556
ASCC_127,347.30213146,65.18290876,112.46826356,4.409,7.4097292,-1.64539414,2.65560196,-14.171299,-143.48559864574818,346.9483109341411,28.94886635263555,-5.064505152010962,-16.735255330664053,-8.870611953170439,8.400553310630732,2.3670267979484834,0.050110835504691975,3.419472832446871,228.31834542137238,-1.6078468913839756
Alessi_3,109.18670262,-46.6802815,257.93553227,-15.33,-9.79326553,11.91590602,3.5890221,0.420319,-56.163204414982516,-262.7729128293007,-73.68402058988143,-18.931916795115207,5.14474561687194,-5.50641886287933,8.31047812237537,358.1880369148731,-0.05274265305979913,-0.06763639892612439,250.26777154025297,1.7913104432852796
Alessi_5,160.90215568,-61.11150292,288.10772508,-1.974,-15.39980212,2.54393446,2.5101229,10.157798,123.74698325979348,-378.43158107146184,-13.72293851389349,-23.47810328444012,-18.01484265699421,-9.81512770078043,8.135068936109544,357.3337207406201,0.006764734810989968,1.8303267278961182,227.31642463367746,-2.5059632859624545
Alessi_9,265.64238701,-46.74400774,344.40010597,-8.718,9.83087271,-9.15089576,4.751204875,-6.510262,200.37748597529003,-55.94599982788308,-31.902374509639795,-8.875481486995268,-0.4786983304231733,-11.956210573622192,8.04987178229528,359.6017944685749,-0.01160726261708998,-3.8937751787752983,244.50017093398384,-4.683809050962072
Alessi_10,301.23229292,-10.52874723,31.62290379,-21.05,1.45355658,-7.90176935,2.2521606,-15.92665,352.8670997645159,217.27978032351888,-159.4564275681856,-8.457928989505119,-21.356016899509086,-3.468252535978249,7.900497772994066,1.5759486606061444,-0.13954475045228806,3.518320128854747,223.6318243695814,3.803039283092697
Alessi_13,51.99294197,-35.77331776,237.42675241,-55.76,35.49917422,-4.18381758,9.48249092,17.449953,-31.94791458504662,-50.00698884613639,-87.17752509685526,-12.359852474067232,-21.255867677317113,-4.386627889943783,8.282292274488038,359.65405739361984,-0.06629681993165915,-0.08005935150808481,223.74774528431442,2.8944989833981896
Alessi_20,2.64349963,58.75651282,117.64268503,-3.695,8.11665663,-2.42720655,2.333696345,-10.0637805,-198.39414900962,378.8053893023449,-27.614685791567464,-8.847855505506569,-16.51469902577074,-6.812185014456149,8.456924586181325,2.567272173858669,-0.006314132840599286,8.001648049698005,228.3561032954321,0.4601070495621842
Alessi_24,260.97843601,-62.81755799,328.9275024,-14.72,-0.42996834,-8.9625486,2.04189418,9.182533,405.702568110684,-244.46990693942956,-124.44466578863491,-4.002855031515804,-18.93845702877404,-11.98244843898445,7.848394731485154,358.21500171667424,-0.10466691077551946,-14.105122356907817,225.73173926712496,-4.722351854769922
Alessi_34,120.06233695,-50.65517502,264.88178872,-10.71,-5.00965612,5.74321484,2.01842513,12.467033,-43.42903585173216,-484.87217541033135,-92.02983427041349,-18.53581932997701,-10.001563119308601,-5.67361243682516,8.307796506106548,356.65411698646847,-0.07112082151975764,-6.277963763980653,235.03269562461443,1.6230971093389441
Alessi_36,106.56512637,-37.59593941,248.54408174,-13.45,-9.66925079,7.04613948,3.59961825,15.35529,-98.83030296833866,-251.46252528628776,-64.62221349552796,-17.5116481506367,-7.202547378476084,-11.202934770568731,8.35275287295794,358.27483128410995,-0.0435733464111924,-0.7220612843355463,237.88357249211325,-3.908784252849997
Alessi_84,110.51006607,55.38448205,161.82334628,26.27,-3.11963227,-31.44680714,5.03545317,10.5851235,-169.1971271514809,55.55279989797055,87.89166388175536,-21.394316966620803,-23.06868090267141,-2.6874882379542733,8.419132131727487,0.3780633968875122,0.1091178059964754,11.76521069957852,221.8585411360679,4.6163954528902975
Alessi_96,75.48517133,37.4875441,167.79530873,-2.705,0.97122682,-12.56138455,3.05624716,12.521486,-319.4470538069966,69.09427661145433,-15.444388326386484,-15.183833076707403,-13.430547693819523,-11.302278415545361,8.569737217484835,0.4619595158737013,0.006160698583400139,5.9792014311265484,231.52880045743206,-4.014002299508716
Aveni-Hunter_1,354.26258138,48.49009576,110.42579699,-12.57,0.03797173,-2.74081342,2.36309963,-15.311763,-144.14663513825872,387.06511398100156,-92.07468419908137,7.046828951912364,-14.549874661873101,-1.8246126253502482,8.403270699715751,2.6400508996595136,-0.0709106063409801,-7.508112547914896,231.04117810721826,5.407615365543477
BH_23,123.44775389,-36.3562227,253.99067743,-1.047,-7.18300529,7.31683038,2.2968665,23.001686,-120.05388912277793,-418.42070624570056,-7.951693145831256,-26.29597837506276,-16.304790110505113,-4.424249894140419,8.380499658698296,357.13815334557466,0.013150227970687023,3.7698238236953454,229.16927419741833,2.892000341841298
BH_99,159.55376765,-59.10926371,286.55679764,-0.5402,-14.47734604,0.98013334,2.23368998,8.632294,127.57053430196014,-429.1083933690748,-4.220686088091086,-24.244161686966827,-16.083049444505292,-13.281792094095282,8.133741724508413,356.9758659185198,0.016257248242606947,1.082335155809626,229.29340664260314,-5.970683541597742
BH_164,222.3238529,-66.39249343,314.35966876,-6.172,-7.43669046,-10.69606153,2.39160556,-1.0718855,290.64495054654094,-297.2150822817096,-44.95212661767013,-17.824631570736564,-14.0537863576871,-12.356597150602541,7.964990555542795,357.8614995378718,-0.024884781340794297,-1.8667885394375099,231.03749597227122,-5.0616643681041875
Blanco_1,0.91498392,-30.01061575,14.7575797,-79.13,18.72451366,2.59262019,4.22265283,5.1224595,43.19672868803655,11.378860392648807,-232.56677985867273,-18.7247197399072,-6.677646678484568,-9.020725241806371,8.207371082837756,0.07943812320664279,-0.2118748711401881,7.977813016191124,238.31155214848542,-1.7235242075832735
Briceno_1,81.08336307,1.69561227,201.04303379,-18.45,1.38397926,-0.0161936,2.88682449,17.045962000000003,-306.6767779902783,-117.98654179605914,-109.6469285723281,-15.263456394280654,-7.092159377360085,-3.529673419274155,8.557739359709572,359.21003442504986,-0.08807399525109699,0.8918612441051997,237.94277167968298,3.7587879499581054
CWNU_232,92.34633901,-2.99419091,210.79731949,-10.72,0.10816321,-2.99584895,2.0411017449999997,37.34584,-413.500634453559,-246.46963076766843,-91.11971305254181,-27.818784915435298,-23.928430472777798,-9.835259791789536,8.667208058770461,358.3704621163317,-0.06927785426620417,10.450124223818483,221.45834017522105,-2.5151664190774587
CWNU_314,288.15654246,-9.63329176,26.68671007,-9.051,-0.58685671,-6.68498604,2.68727496,-18.852867,328.3442163640906,165.04452206786934,-58.53878346693137,-12.27794876321172,-18.526793020442014,-1.2561147272895785,7.92349705673682,1.193541924072207,-0.03856571104163706,5.898211949143438,226.3994822500095,6.024799830534883
CWNU_515,131.90219362,-63.58268838,279.45500373,-12.48,-27.10149472,14.77445868,4.8666977,10.801347499999999,32.95659547244193,-197.8954473475334,-44.4130778404604,-25.74912765191003,-12.274585797627434,-14.386747788077004,8.219512024244212,358.6203964878099,-0.023696270453613097,9.077884622708813,233.01156560559897,-7.071837958289765
CWNU_519,313.93175062,56.75453927,94.66660555,7.442,5.01194889,3.48955136,3.07030241,-7.439637,-26.275004848825358,321.8863245150107,42.1881463094731,-8.486905124217536,-7.768934315966672,-3.4458874008498013,8.282399336138266,2.2272980078483045,0.06305469167431949,6.617259341906949,237.15307211995216,3.825497286123926
CWNU_522,75.678003,8.08101379,192.31521478,-19.78,0.88316847,-4.48388334,2.57995843,18.058023,-356.3398540326169,-77.79378241587938,-131.1725330527594,-13.915059146930815,-11.030516570244954,-9.016756163988738,8.606994670370103,359.48213212237164,-0.10947433238721076,0.7229250936728221,233.985601287297,-1.73168081624647
CWNU_536,105.66160835,-45.67984051,256.00102103,-17.21,-3.46053913,3.0023641,3.933548905,29.0558535,-58.745117926761544,-235.63168710704184,-75.20793454779339,-11.279700108932024,-25.013345222704373,-11.037565628907949,8.312248892510977,358.3755899625648,-0.054260016521230775,-6.028657166728677,219.90415725617538,-3.7591448986562783
CWNU_1007,79.20776837,18.47774548,185.26037643,-11.19,-0.26741542,-5.64113931,2.74354382,23.7335115,-356.0529160720509,-32.78169468421549,-70.75421933678248,-21.342722066707843,-9.8414129939905,-10.302147496014701,8.606266312936553,359.7817599069058,-0.04905686748919669,9.372829214212382,235.1960292621009,-2.9983502413718983
CWNU_1010,69.09600706,-8.3552535,204.53551122,-33.75,-4.49109727,-0.93445188,6.03309013,14.581313999999999,-125.36733714282919,-57.22705225063313,-92.09776905686118,-9.669138304600889,-3.362439958762753,-10.99128851684425,8.375768339294778,359.60852789693763,-0.07098166239249122,-3.054131289936572,241.62235783556136,-3.716894445261215
CWNU_1012,324.32918677,-19.52708554,31.88665239,-45.06,12.58960699,0.63448696,3.46816768,-8.678744,172.92640739121867,107.58132407102552,-204.1096884793536,-18.22662796340944,-3.6963774894792714,-5.130212777510358,8.078278515244234,0.7630519283005128,-0.18374461937536063,10.35239854824347,241.18716874734437,2.165725195605828
CWNU_1015,76.54365199,-3.33828939,203.4174285,-24.86,12.77541488,-15.57028139,5.739236605,24.3438005,-145.0700679084416,-62.82982276494561,-73.25563397366601,-14.992434806948015,-24.293871662805163,-7.375694277574604,8.39546313738122,359.5712084825134,-0.05208994878030132,2.259174969919389,220.7292414573061,-0.08792883978478722
CWNU_1018,68.62101471,-8.43139141,204.35857783,-34.21,-9.85581223,-4.13903019,5.99133557,20.3532055,-125.74669735216924,-56.931652214254264,-93.8335397203125,-11.281950275245674,-4.397337102437138,-18.416559087432628,8.376150049812209,359.6105664427959,-0.07271647120769711,-1.4070203879533592,240.59869468918427,-11.138079028221194
CWNU_1020,135.00604039,-54.5099512,273.33778795,-5.529,-10.58771815,7.60754386,2.25044789,16.786665,25.75114045902699,-441.5386045160696,-42.81104173841959,-25.720950389223425,-17.617972712587438,-8.002231444930125,8.236174890374828,356.9269193280438,-0.022076440571896266,2.430118845558894,227.8399820030027,-0.6874207203504121
CWNU_1024,104.28551206,-27.39179106,238.23007993,-10.96,-5.54541769,6.01758178,2.490393695,21.8717405,-207.56012314451826,-335.1529599867046,-76.34146583595981,-23.45193395559087,-9.67702865727632,-8.795637137147544,8.464363829926063,357.73073862247054,-0.05501870896545694,3.0465417439881297,235.6284202535055,-1.4865296724641883
CWNU_1031,116.14053389,-43.50391511,257.22213253,-9.532,-9.9597863,-3.07477171,3.68694767,29.707233,-59.15948332465598,-260.8578123052812,-44.91635298862392,-8.58282198613642,-25.863658662461233,-17.875737206955456,8.313340128797794,358.20186612768254,-0.023967524011371547,-9.347026973745868,218.9508978181075,-10.604091556570964
CWNU_1032,300.91943379,31.84783035,69.0680814,0.3573,3.75290864,-1.23312383,2.66569737,-18.626871,134.01799863534606,350.3726420200643,2.339666551148722,-8.228223623533506,-16.749790139640286,-6.931859868080401,8.123509403788745,2.4719729598925255,0.02280247696365018,6.992924385825645,228.16093573406826,0.33887089458490893
CWNU_1034,113.6865025,-25.57206472,240.44253619,-2.638,-7.82207283,5.82758022,2.176223245,30.8137865,-226.4352114329251,-399.28797290339435,-21.14696296416878,-31.821401501299825,-16.876633873307842,-10.175083078707068,8.485861037760984,357.30304892148877,0.0002230857142505087,9.990017115799343,228.84694930433116,-2.844892569323022
CWNU_1044,129.93040715,-51.85904489,269.34500321,-6.228,-11.64025674,9.76139112,2.75458971,20.081557500000002,-4.125526986906125,-360.86434803168316,-39.383058099066844,-25.705064065637043,-19.038240761523046,-7.971651223370312,8.2620833914918,357.49668707427134,-0.0185730668537711,4.741762252331006,226.38494119051367,-0.6568827087421724
CWNU_1055,328.83144996,65.352464,105.89113933,8.487,5.66360945,-0.31845494,2.17519935,-9.988776,-124.5000242331667,437.31740214414685,67.8457659644204,-6.474398411814844,-10.847611468809866,-9.644423362006359,8.385712923753877,2.989347954041733,0.08895990467228171,7.6160686894922796,234.07374492326895,-2.3780945874670643
CWNU_1057,80.88372161,-8.30208011,210.41473382,-23.29,-0.99791966,-2.66993603,7.04221128,17.373386,-112.48005751098572,-66.03054453872959,-56.14664504174175,-12.618510300721486,-8.938368422829855,-8.148296500284047,8.3628556997353,359.54760667324706,-0.03506313853980361,-0.324902634816496,236.06644845647193,-0.8664878603632578
CWNU_1062,173.70141698,16.84499191,239.10123744,69.51,-9.19317682,-1.58169878,3.208491935,12.364905,-56.0126984175423,-93.59498652806721,291.96327752914385,-13.041753785148966,-11.018762001075782,7.1652886231139945,8.305778069910744,359.3543370948383,0.312903353112216,-0.7131200013625527,233.98806047488566,14.448112077622048
CWNU_1066,357.9591422,-18.7854153,61.1407268,-73.96,26.77088226,-3.69732052,10.10492769,16.57609,13.195082937636432,23.94306090151115,-95.11057552194673,-7.969029641675577,-2.8628483809510663,-19.073526225998293,8.237053172445473,0.16654567386299846,-0.07434348718304705,-2.3790826459942123,242.1451254644966,-11.803389664626637
CWNU_1069,119.31464456,-43.51074701,258.37671694,-7.533,-9.30302448,8.94679451,2.499332085,25.148269499999998,-79.91612786136582,-388.5194059282109,-52.455801569767154,-27.951463145273603,-18.82564255923557,-9.800552882311605,8.339077704089313,357.32961179943175,-0.03145483367816488,6.320252027436067,226.7150523709779,-2.480117816509964
CWNU_1076,41.23539365,56.70873943,138.07167981,-2.789,8.69780587,-4.0951798,2.77504717,-1.0140695,-267.77921727912934,240.50356997292815,-17.535629363949855,-10.218286170456654,-12.896269368030296,0.003996960165358241,8.521190799087202,1.6173426654453635,0.003939523933320082,5.669550758769016,232.03616065196812,7.279725876454136
CWNU_1084,302.5467933,33.4899507,71.18966992,0.0893,5.04810509,-0.38811774,3.098078665,-18.46943,104.07610921355784,305.54098033029555,0.503082798677871,-9.470911814719308,-16.27423619649984,-6.8255348163538,8.1516246334758,2.1480754520248126,0.021041280294339687,6.962375646687098,228.62547365586425,0.4483276080083844
CWNU_1088,85.90593203,-1.59277638,206.47735916,-15.79,1.69757369,-4.0610906,2.2176801250000002,16.536184,-388.39658335630355,-193.45580108735354,-122.69184639689387,-9.861261238173867,-15.38147738545263,-5.304405563583564,8.640844321717141,358.7171281332172,-0.10091306634137141,-6.3658897553618035,229.53355037129987,1.9704369359292235
CWNU_1095,171.35249417,63.83982667,137.73134317,50.74,10.39697799,2.07573493,4.0194381,-9.912373,-116.49736376312292,105.88800810073879,192.6474828408496,14.978203171525994,2.2893115099615433,-5.001874766989822,8.36665532648253,0.7251509349219134,0.21374057435653326,-22.933789552446118,247.59938355893885,2.210402680728053
CWNU_1121,100.04943666,-50.54326832,259.60632924,-22.32,-6.41318006,10.42560128,2.083547795,19.1182845,-80.10013846461153,-436.70302397827425,-182.28277071770466,-29.072154256391297,-9.769976923744618,-14.156960237190118,8.341971930785748,356.9991911445435,-0.16128099766510498,5.668744296034699,235.85022880418913,-6.833674165265612
CWNU_1142,75.52654646,2.83666657,197.0072251,-22.68,-0.24161272,-5.65734216,3.4271095,13.561342,-257.4542211299183,-78.74715587663957,-112.50887453073322,-8.461570303019672,-9.420059781067653,-9.215351189080629,8.508075183689904,359.4696895815714,-0.09105990463312504,-4.795532647336635,235.54566563416884,-1.9440144456212365
CWNU_1144,106.4212495,-52.6636272,263.06474632,-19.21,-13.04533893,11.93280064,5.12240998,7.9868015,-22.26003277190872,-183.0028234906233,-64.230398026313,-14.987558997859749,-3.253117223094512,-9.812099678714347,8.27441971276233,358.732704141947,-0.04337437208668643,-1.4353576785004805,241.774304677014,-2.5243079359778946
CWNU_1150,133.07294126,-47.40862304,267.11890006,-1.868,-12.52768326,10.84247696,2.04662678,15.291869,-24.546136449900285,-487.7319341389578,-15.92721779822919,-38.566755696961145,-13.15684699168389,-6.784836388262279,8.288922284940233,356.6266869647245,0.004933968391787966,13.794140862599086,233.05867629529467,0.5623456273037735
CWNU_1173,179.92184488,-70.28608802,298.5595174,-7.855,-13.03137354,-0.62172159,2.25273369,7.351003,210.22716185899796,-386.23295217188524,-60.66626041283416,-20.324829011292362,-18.296019467228223,-7.738293248558758,8.049172392659989,357.24965200889284,-0.04039636059343545,-1.6445776438853439,226.88644869035855,-0.43708139928575085
CWNU_1227,94.61425876,-7.78077533,216.18303173,-10.85,-3.93191404,-0.1566877,2.49784406,30.1651365,-317.3591662453345,-232.1274971413448,-75.3412395318687,-24.66738013285935,-14.282825793978812,-12.378522928361908,8.570666028822655,358.4480168601346,-0.053741665229705964,7.344795115882163,231.0008805403862,-5.066348185697103
Chamaleon_I,167.11699924,-77.49945855,297.32616283,-15.76,-22.55541237,0.43755773,5.240354765,13.454583,84.30579815139613,-163.15665056519012,-51.8391536968588,-11.774389440571419,-18.264039947792057,-11.193168835006592,8.167428836678585,358.8553546464972,-0.031251660525498146,-3.826958498834159,226.70477719085235,-3.9134912042625674
Collinder_69,83.81417628,9.88805505,195.10768586,-11.99,1.21490066,-2.04664903,2.50357212,23.560831,-377.20643965842766,-101.83239415870159,-83.00127786755299,-21.07564728986632,-10.357645108341933,-4.894767988243457,8.62798921865785,359.32375033948074,-0.06125068615975979,7.217859270535114,234.74392092794704,2.408338372894779
Collinder_135,109.40553907,-36.92087657,248.89062198,-11.12,-10.07786813,6.23023913,3.34264469,15.042002,-105.72238291327082,-273.85249236227554,-57.67907715550778,-17.89654810207699,-7.042632258968937,-11.77761693670337,8.360327801018828,358.1228739861126,-0.036612898417297375,-0.9720610694216643,238.0533065908486,-4.482494496545424
Collinder_140,110.80240157,-32.01159004,244.9532625,-7.899,-8.08817458,4.75649688,2.60013722,16.862197000000002,-161.27626591634916,-345.12277987184285,-52.854647006733714,-19.623143000683793,-7.875424216647759,-11.396965586510168,8.418460321407002,357.6504481784985,-0.031648604494231486,-1.1765257873894317,237.27585255931552,-4.0974949353995544
Collinder_350,267.06496269,1.41761766,26.87581785,14.68,-4.86908435,-0.06618663,2.70783316,-14.646965,318.6545752205504,161.4936226553313,93.59915392717213,-12.493850375246577,-10.890859328658424,3.535478605698873,7.932728211947098,1.1664987299991765,0.11359615393152513,6.150581121280642,234.03243597795455,10.816933174673181
Collinder_471,332.56307101,73.03231822,111.72657758,13.77,5.32087341,1.63234642,2.92324442,-17.5821645,-122.99253144050108,308.6497555122796,81.42951042900505,-1.8549503239047436,-18.35788814709081,-7.080893786425354,8.378447480334616,2.111170400215798,0.10253961877125213,-0.8717686370593996,226.82820267653216,0.17377583940985603
Delta_Cephei_Cluster,336.42386298,57.1572502,104.1414915,-0.2991,16.50641026,4.66722811,4.12582484,-13.98031,-59.215786627471665,235.02745861687836,-1.2654748673834755,-14.937583688241553,-18.210052932084682,-5.399711468343944,8.312515587721055,1.62019299456432,0.019684084618980052,10.261864286918765,226.59041365617188,1.8879184054820919
Gaia_8,282.54314014,33.39282363,63.22413541,14.78,1.74261933,-3.95540755,3.44722048,-18.576504,126.36286508496234,250.4180116250502,73.99154580920465,-3.960898918439082,-16.88297654742302,-8.927013364942017,8.127283490447411,1.7656764979588502,0.0944732714273164,-0.08448461266254707,228.2280065280491,-1.6670291865310565
Gulliver_9,127.20387396,-47.92490661,265.11381542,-5.314,-5.93143837,6.93488354,1.99895748,22.609896,-42.42739001467386,-496.30021229601476,-46.33411029888132,-23.380513811746123,-20.41851065996941,-3.9961604042095424,8.30735654225431,356.5749822196385,-0.02542778330344107,-1.1484281123753735,224.91464148277842,3.3127361083540188
Gulliver_20,273.83972565,11.43775178,39.20560011,13.13,1.01796573,-6.56350486,2.360003035,-13.879323,319.7545432621009,260.8374876804168,96.26257178374344,-2.184233782985567,-16.002352863467554,-10.47789698969549,7.934266083031138,1.8839241254572414,0.1162569373416535,-1.3563093395551697,229.1661219553092,-3.2223834030313494
HSC_95,261.22982521,-18.28691587,6.49545364,9.695,15.67206056,-6.31080358,5.08656178,-19.326532,192.54449944838035,21.92219826452816,33.108880758794,-16.68177657731202,1.124273349471314,-18.49020061609364,8.057376265541553,0.15588671771118356,0.05342363786554192,6.29793156954554,246.1080919307046,-11.198105847040122
HSC_295,273.82782315,1.01936775,29.7013234,8.499,-1.35678892,-13.35236206,2.54676827,-14.724311,337.3216959793975,192.41522476676204,58.03451030978846,0.043050225604599854,-26.737003367495408,-11.225770792870781,7.914845948002896,1.3930332596176243,0.0779846315134868,-5.805344167011415,218.46871234448074,-3.975882841764346
HSC_310,289.96666311,-5.68417585,31.07525056,-8.901,2.95652592,-19.52042981,3.28698822,-10.561544,257.4315368411075,155.14100562033312,-47.07532501838682,0.8887092077591237,-26.615359860439348,-14.598194584817314,7.994167066176322,1.1119949175762258,-0.026923619100739194,-7.711508960729923,218.57548016962576,-7.350426624309815
HSC_381,271.38575712,17.77089873,44.15967797,17.92,-1.03592754,-8.11003706,3.19274126,-17.463295,213.79166011054318,207.61076623900092,96.39344461256482,-3.050902397405581,-19.2060420341979,-8.611045053474399,8.038621098881357,1.4799209726783715,0.11665473493670941,-2.1932182409582768,225.92597737711736,-1.3533582766803025
HSC_427,316.83624681,1.94343695,51.90044576,-28.79,13.20014344,-7.87574903,4.34087965,4.2183209999999995,124.57166300868386,158.87467651651133,-110.95124376734128,-3.122299776709907,-3.1224511083521915,-16.735232743307183,8.12723496073456,1.1201141643347512,-0.09046455183120364,-3.205693650544946,241.9864836048126,-9.477316682769748
HSC_442,291.81751366,18.74374191,53.61893184,0.8762,3.41793211,-7.38017161,5.11411082,-22.2332425,115.97002028791972,157.40677389105008,2.990291906249975,-9.50398769943031,-20.4957092461379,-6.383860270358906,8.13551934605423,1.1086323786595358,0.023498294218966032,2.764085194781025,224.49285240734437,0.8900779050472233
HSC_448,328.62717258,-3.03937369,54.76427472,-41.37,15.79837921,1.23086403,2.86876479,-10.6473025,150.91619270319876,213.65439176348994,-230.40306151997856,-25.762396271351946,-8.137857686775016,-8.312358876068398,8.102455862495868,1.5110141381267397,-0.2099822924715747,20.924007665174354,236.39263068600067,-0.9974288298567485
HSC_474,260.80498651,34.70830494,58.59072642,32.3,-2.84760005,-3.86376441,3.0140673600000003,-22.243913,146.15004013751175,239.34508188883194,177.28639460840017,-4.750300859182727,-21.035054668703737,-9.313395266975895,8.10691117779826,1.6918198566950764,0.19771791671894945,0.2887685353362103,224.05410641907767,-2.05142683108671
HSC_683,333.42419672,30.30405885,86.87078555,-21.31,6.552623,5.52661404,3.4392707700000003,-7.1801085,14.787036439727233,270.4807374008619,-105.65269177066214,-12.137388514523316,-5.826756172819716,3.1440948968391873,8.239893327556485,1.8811162582611587,-0.08488921979165155,8.879925366981576,239.01056548227805,10.424659929053579
HSC_749,358.47027089,3.45550369,96.29313723,-56.41,18.06139328,-13.83856893,8.162278234999999,13.966517,-7.42980884910227,67.37235117578717,-102.05706194895566,-6.154845321262462,-2.593385134517988,-18.030093435065936,8.257935497572788,0.46745378291785755,-0.08123791766218176,-2.9218980674900568,242.438554088732,-10.764531137883413
HSC_759,225.1466823,59.38615478,97.4056722,50.86,-16.19457682,-3.63978439,10.229801174999999,-6.263213,-7.953681811001436,61.19252653741839,75.81544707998337,-2.4509025643835125,-9.593557660038309,-0.5894755425441375,8.257963064890163,0.42457196904035754,0.0966353376654744,-6.902985604829595,235.46406209939755,6.666687997150811
HSC_782,284.83942366,69.61145656,100.41136378,24.63,4.36185598,10.33337879,5.1241729,-13.157838,-32.05918211137009,174.48183495016482,81.32137265882471,-8.00621139495491,-12.79569803000488,-7.2779532287335424,8.283665573582036,1.2069303006317114,0.10220215248000508,1.8162198993640837,232.21758352022024,-0.00777499083398153
HSC_878,348.31348909,60.35965666,111.07602213,-0.2322,13.6477452,1.61278851,3.116573025,-16.007792,-115.38423305405549,299.39822896083024,-1.30055942142404,-13.079685489947382,-22.219459582860605,-5.330858623451975,8.370716699464182,2.0497552932393717,0.019790626748633394,9.960091875315593,222.56672506282115,1.9520836558048902
HSC_921,5.5135678,30.87952658,115.53187895,-31.57,14.00549479,-2.69777494,5.77386716,5.084302,-63.601239137023306,133.1520614287671,-90.67316919846867,-11.041221487796054,-2.6379060024061762,-5.840521607231974,8.314869370662604,0.9175596077284354,-0.06971242489441937,3.837038091712559,242.33174126940824,1.4373145238362024
HSC_976,9.9995626,79.31976132,122.37947413,16.46,17.16069393,5.32212941,6.04730298,-9.445374000000001,-84.92654564680899,133.92885013905592,46.85571274555557,-6.122845555102245,-15.797830757921712,0.7230294221145409,8.335857824073496,0.9205877532508282,0.06786975668007506,-1.295839598050795,229.25258463293463,7.988432187967802
HSC_1119,47.97373802,63.21463548,138.0037569,4.53,-3.58232812,0.01005115,2.01327231,-64.58751,-367.9915999732946,331.297435951177,39.22821503177599,52.44853688155011,-37.46344175954116,-9.398802126719177,8.624230765055831,2.201545084752638,0.06095583451011629,-55.505298800040954,209.82362060117592,-2.280986044962372
HSC_1142,68.28860894,66.65500729,142.46666803,12.62,-7.09882236,-14.27938408,4.03501531,1.315484,-191.7788860161905,147.33445218159417,54.160795667310786,-8.343469269394756,-2.5328673987041523,-16.633904611919007,8.442901089166439,0.9999023287350042,0.07544408054565886,1.516994553366762,242.47761547689717,-9.362831805800989
HSC_1224,133.00513177,60.90754891,155.18295223,38.01,-46.99446584,-36.11451312,6.82728113,15.2600435,-104.7505476539648,48.439375192234685,90.19290193061471,-38.938886490889395,-16.683136930524473,-11.48197013181034,8.35463710725469,0.33219699037096007,0.11125663505426124,29.19100046833392,228.1515044509275,-4.13384068773003
HSC_1262,57.6435703,35.07487137,159.53112607,-14.77,3.37475445,-4.37939587,2.5607036,21.029127000000003,-353.7719325597343,132.05089676309953,-99.5591780413352,-22.045125393421586,-2.4589838581738737,-7.412777748362247,8.605008614264035,0.8792882877272632,-0.07786724060017283,14.684449435713159,242.34423904459817,-0.10720893775192102
HSC_1314,74.42188519,35.93111566,168.49831341,-4.335,3.39642058,-10.64092023,2.83552872,4.916759,-344.59708262544314,70.11963254935826,-26.659813359741655,-7.803348974171175,-16.251187926207656,-6.920497697543149,8.594922914261371,0.4674415610309097,-0.004991316781451613,-1.41291090907339,228.76796974100694,0.3491631692653369
HSC_1318,64.56537898,28.24950404,168.82412578,-15.66,8.66338646,-25.44209152,7.72377212,14.922196,-122.29751756607496,24.16204972368702,-34.95856865928965,-15.17521008665138,-12.279150990753799,-10.663533807722981,8.372393839438374,0.16535233314803577,-0.013850259307767558,4.773644238520026,232.70807141718598,-3.375279759005915
HSC_1340,61.30359551,21.98531728,171.44299726,-22.13,0.71565118,-14.54741483,8.311683514999999,15.035583,-110.20744096031262,16.58272185595735,-45.3260152262976,-12.663464932993516,-4.413747833575552,-10.734530929492507,8.360311512887929,0.11364771337005664,-0.024248148419673002,2.067683406208623,240.58265168214226,-3.452594168017561
HSC_1368,73.83372509,27.49371107,174.8806364,-9.936,17.53868388,-23.27444885,5.37207781,12.146255,-182.62424387999002,16.360992441916114,-32.119692406921374,-14.148423275729819,-24.549342971733243,-2.4534514340300175,8.432694234885753,0.11116599440885011,-0.010859393381380976,3.482298607318174,220.44433232048405,4.832171278644326
HSC_1403,75.69316614,24.30051458,178.4940001,-10.53,1.23128728,-5.2040239,2.02132637,16.1218,-486.23014636050334,12.783336535568655,-90.38428916452204,-15.251743178904963,-11.143910988346423,-7.771827020882689,8.736439472039178,0.08384022077817121,-0.06835879009188676,4.513482702264004,233.8497604531339,-0.48338764089258046
HSC_1426,56.47828619,5.94313429,181.43126749,-36.41,20.25058661,-12.98457155,5.41863616,17.828907,-148.4671649480458,-3.709530445966367,-109.55276859323256,-17.50371903929306,-20.563221235321176,-5.616350431070083,8.398717344472999,359.9746957417334,-0.08837832152949074,6.318713166273271,224.4396157975548,1.6777427781861431
HSC_1438,60.26561812,8.33913373,182.11932626,-31.99,24.0005043,-23.56645571,6.675287089999999,15.260152,-126.9634075466643,-4.698420541578569,-79.37343886766132,-13.399888952524,-24.26359239180445,-5.931085438038291,8.377138109341045,359.9678665635811,-0.058253273818069384,2.1910171971487142,220.7376922970642,1.3526625915562156
HSC_1448,46.26126385,-4.56997887,183.58430707,-50.98,4.42882556,-10.19321064,8.39950116,19.470303,-74.80448582807279,-4.685730150501128,-92.50055055166912,-10.562671087452179,-6.720173556713308,-16.177274229840673,8.325012431754411,359.96775250411065,-0.07151177285891964,-0.6307027558216218,238.2795427955477,-8.900617111899818
HSC_1553,93.01274461,13.98187736,196.01959162,-2.15,5.62976477,-16.33001402,4.665638285,22.068176,-205.86479877907848,-59.106969577902476,-8.04130842241906,-16.315404128928503,-22.68605371019628,-3.7638037856980984,8.456064818850107,359.5995068748845,0.013277364593169675,3.6707848352638495,222.3450570519277,3.527286136144234
HSC_1733,71.9613626,-20.68779545,219.70612623,-36.06,20.14915554,-2.66076646,5.92019805,22.2297545,-105.05123078772358,-87.23418824878266,-99.42900696751087,-15.744833688573749,-22.568592631793628,-1.3289226997842836,8.3557306716155,359.4018203979434,-0.07836411316905227,2.3257128965501463,222.46782858862358,5.960721951969257
HSC_1746,85.5722141,-17.65448877,221.7281935,-22.97,17.59091289,-10.87540901,5.69565575,25.155188,-120.63892282368377,-107.59189238502054,-68.52667905172987,-10.89543830787214,-28.46080314076721,-0.5835879235219054,8.371476513969204,359.2636043525405,-0.047422635644839395,-2.9860821644065654,216.51871304701427,6.693826307780012
HSC_1964,91.38033561,-37.4849869,244.05864188,-24.71,-2.68828237,-5.66326656,6.80419505,28.9317995,-58.40424773809813,-120.05816892115094,-61.43792654682524,-8.031220167180077,-23.97163022572326,-14.730409565619013,8.309400135878501,359.17213549274163,-0.04049074166537422,-6.22486876395671,220.96152406473473,-7.460161041581967
HSC_2139,128.38112865,-47.51818277,265.2493422,-4.434,-7.86622799,7.97384935,5.30913861,20.5383455,-15.552755551117361,-187.14550303036157,-14.562954257523762,-11.549694460508155,-19.475945180404853,-3.023019266873501,8.267681719437554,358.70295426516907,0.006276007061584607,-4.647738236893721,225.47663692153293,4.2560644671242915
HSC_2260,144.29639316,-56.00225772,278.11678812,-2.791,-15.15115223,3.58282193,2.3501757349999997,13.979157,60.00563740422684,-420.73779492463086,-20.721071075167462,-25.425526028520643,-16.99036833885523,-15.699836414789186,8.200820890446648,357.05918596187075,-7.282335606820922e-05,2.6482142005901665,228.4463924663096,-8.385744737231835
HSC_2263,153.86676088,-49.40015269,278.61963846,5.966,-25.53682015,8.35744756,3.57868057,7.807413,41.652920810549276,-274.7800748894961,29.04341642430034,-32.48471977815346,-13.818528296114986,-9.032239779939378,8.21284606091032,358.08267659492947,0.049737965027630456,13.660680370288523,231.76832197842492,-1.7003769973306098
HSC_2303,169.13835125,-35.5980225,282.05186041,23.4,-42.07260221,-2.19573365,6.88163372,-5.723993,27.846364954027752,-130.42624481979598,57.704674041288655,-25.56455710773392,-5.242741250249557,-13.927628798609394,8.223016641384447,359.09118594792767,0.0784341328436615,10.694929112255233,239.95712224153678,-6.6131751915105195
HSC_2327,148.23355017,-62.20127401,283.69123835,-6.198,-26.64010289,23.22824399,4.36559201,8.460601,53.90019442276726,-221.2545190110103,-24.729057680148642,-35.23661620906442,-17.398898723621244,0.49760629668351447,8.199122111429421,358.45367713557994,-0.004065120317739702,17.984626982526297,228.16954262677567,7.83636775052307
HSC_2407,104.59331189,-79.4247295,291.12291815,-26.31,-1.9271104,-0.21720319,7.11699034,-0.108118,45.38808857906942,-117.48603778756127,-62.2871110984443,-0.2544814917351455,0.619412092557559,-1.1098791689647765,8.20558400856134,359.17962191367997,-0.0416014536853307,-14.358343782098439,245.43899267427514,6.140766500459175
HSC_2408,169.50820787,-59.08580463,291.17744131,1.638,-22.52078804,6.73204106,3.7462086,12.703833,96.39343495381252,-248.80762360282355,7.6284969465640815,-23.057849090485362,-22.61539635246912,-1.7225400516557545,8.157356988483563,358.25214909268954,0.02818521752682152,5.173613470811234,222.64601739109006,5.585532976857862
HSC_2442,165.23897361,-70.57977917,293.93583935,-9.663,-21.83867741,-1.35771526,3.543654605,2.850181,112.86581438203046,-254.266676244577,-47.36588117140289,-23.36079551483947,-10.895267231805102,-14.158658919304592,8.141199522100806,358.21024175941704,-0.026850500794124103,4.978827122515237,234.37461200464,-6.8497658643186154
HSC_2445,157.68340064,-75.23939619,294.19952691,-14.81,-5.37756845,9.57081785,2.88424606,13.948789,137.40160886471836,-305.7391969027799,-88.61658071758747,-8.009799777039206,-20.80790163398383,4.796307618623549,8.118555192894103,357.8417700753768,-0.06816296969169065,-11.543011172371337,223.91623491737607,12.06644481700077
HSC_2453,148.16825232,-79.47939519,295.10539229,-19.44,-12.6522878,-2.02301882,4.69846396,1.6015605000000002,85.15552393977627,-181.74304943602098,-70.83048407547807,-8.190307481800613,-1.8303661776152556,-9.962695558486995,8.167019612957754,358.72487536520566,-0.05024509899281748,-8.295222614654138,243.04524662999233,-2.692028835064558
HSC_2455,145.00990178,-80.32848472,295.29368323,-20.44,-11.29233749,14.44811271,2.52040228,4.660181,158.85047704762087,-336.1466955585929,-138.5354000256124,-28.422201763376066,-19.937350686244784,2.4398906713286084,8.098452512646485,357.62111114625316,-0.11813572156343637,7.959266846057095,225.58745468919338,9.761471405776776
HSC_2462,173.71797666,-67.62587929,295.72424171,-5.832,-18.73538694,-0.5931548,3.29739124,1.161089,130.95012982427568,-271.7999193348572,-30.815408980409146,-22.855558410820834,-11.310579530823954,-8.789344774225293,8.123650164236995,358.0826476692847,-0.010345675368402099,3.952299295051285,233.9526734828298,-1.4817424607603418
HSC_2468,182.22942327,-51.5402197,296.22493495,10.78,-35.2701033,-11.96200812,9.097373515000001,12.620129,47.71732892133503,-96.86797710784684,20.55387000579197,-9.080464558702053,-20.214352179217375,-6.694609780817285,8.202776887106381,359.32336821832894,0.04123342548867601,-4.657070717489721,224.7463416602526,0.5782626082415383
HSC_2505,185.02099987,-64.09667216,299.51523335,-1.433,-37.78858308,-10.81100866,9.36456556,12.139054,52.59195850288994,-92.89833376526568,-2.67071152122166,-10.062275114124489,-19.418592421991807,-8.055930019570319,8.197915181045339,359.3507130980372,0.017996640515105695,-3.5736520410827324,225.55541492191603,-0.7805781944262891
HSC_2597,217.98671949,-78.83741,307.86167696,-16.94,7.7788625,-15.4331806,6.69357238,-1.5196100000000001,87.71509494346357,-112.83061347455485,-43.529240517024576,-2.4904002614170073,4.414063259187836,-11.244439289365147,8.163148559308146,359.208035382707,-0.022950290604448087,-12.027847463887447,249.2716461363866,-3.9881218561968788
HSC_2636,204.8886863,-44.48223215,311.90397927,17.55,-25.97193444,-19.41158296,7.4829543,7.694855,85.09984262103396,-94.83207376401361,40.29587970190267,-7.107457847575449,-19.825883324956322,-6.128872263696837,8.16532346874499,359.33455083637386,0.06088117975611424,-6.592010931001008,225.11275528162741,1.139027354600442
HSC_2733,228.06467083,-44.52913812,327.72517945,11.46,-20.66660577,-21.89228206,6.86369145,5.720438,120.72895510749649,-76.24743827116339,28.94211446446963,-5.071813659934597,-20.54258607509021,-4.165908166941574,8.12952992532489,359.4626098465154,0.0494377002636813,-8.122627790514573,224.39111166502664,3.0968547914436226
HSC_2765,245.08626325,-49.6730232,333.69839284,0.2961,-9.82981052,-23.59263186,4.25332805,-8.1530695,210.76719635553349,-104.17499283170231,1.2151421204349688,-18.904545810907315,-19.975847680895104,-11.02251396629761,8.039879230848316,359.2575801681162,0.02148389835599956,4.915913590525446,225.1067806882992,-3.724872956560286
HSC_2816,240.13971036,-38.43871237,338.81049886,10.92,-17.65680221,-27.55641525,7.174034605,2.136318,127.6136613698842,-49.47117714204426,26.407724578022837,-4.546006697635837,-20.577715395293072,-5.304754974780859,8.1224446864423,359.65102671469333,0.046886009739660665,-7.907388177155581,224.3782970052648,1.95668662924361
HSC_2846,290.94353761,-53.98463435,343.40910872,-26.26,16.19762608,-71.10547374,18.68603023,-3.923828,45.99547477867694,-13.7038848570528,-23.676422166985184,-11.349989689096125,-14.314124751094123,-4.895241420956342,8.204049568158094,359.90429414367986,-0.002992265613456304,-0.12303186052073811,230.6860093142904,2.3833526142366956
HSC_2873,256.06010048,-37.66861956,347.92934545,2.234,-1.90762799,-10.38794886,2.148072565,-12.045434,454.8949497677271,-97.27736034308835,18.145313481726912,-15.712896982895062,-17.888457738726824,-11.020971119970843,7.795641605912703,359.28501682091576,0.03779887765944909,1.8062641754623001,227.15179839965603,-3.7313693094200953
HSC_2907,244.77266005,-24.45005866,351.86007792,18.12,-10.67860848,-21.7019599,6.37556016,-5.2270544999999995,147.56746625219742,-21.106874456671708,48.78462838292148,-5.805576382581014,-16.604571784595354,-6.428551445674168,8.102311367472664,359.8507403494366,0.06921260488733562,-5.873196069391956,228.3809179169271,0.8360733921206919
HSC_2919,246.60165437,-24.0848455,353.31404047,17.12,-6.93224524,-26.01842107,7.21704016,-7.743457,131.51752592276753,-15.417085999238457,40.799423698736135,-6.893634053162104,-15.14097117177059,-9.7976085176496,8.118368518917007,359.89119181617104,0.06126787622894066,-4.618194433495005,229.8506938743957,-2.530229171073793
HSC_2986,285.31710991,-36.88340157,359.95388541,-17.71,2.20863225,-27.55645541,6.68537317,-3.013489,142.49128542214245,-0.1146843366541838,-45.50253848404908,-5.462432549350811,-17.67217673553145,-7.154848759385601,8.107597603632444,359.9991890700915,-0.02506144100258082,-5.622757097897096,227.32775929669927,0.10891217127125742
Herschel_1,116.70784055,0.077203,219.27564512,12.34,0.66918483,-3.9703954,3.3695960400000002,-10.624928,-224.42981970597597,-183.53442499349188,63.40095852846589,11.147557135856804,2.166446649741748,-4.0017347226364475,8.476230552256213,358.7592877354367,0.08476600205056173,-27.584077628465845,246.62699069746668,3.220191758133996
IC_348,56.13726366,32.1771281,160.47765544,-17.79,4.42297696,-6.34302364,3.14982842,14.004318,-284.9116068466423,101.01755377290796,-97.01991150712911,-15.437302584503163,-6.438793348259916,-7.196686451805499,8.535726637005526,0.6780955157226174,-0.07550154056412191,7.178394762590439,238.49297959628402,0.09222557137408555
IC_2391,130.26015116,-53.04169916,270.41533749,-6.783,-24.79695243,23.26721701,6.617144075000001,14.334112,1.0878113164197383,-150.06087006147175,-17.849128510555218,-23.922371627008744,-13.930446002478119,-5.704279395610451,8.250295894321859,358.9578158986775,0.0029479670445772327,8.631740108506806,231.26484041864487,1.6059974172767117
IC_2602,160.97308272,-64.39323626,289.68659117,-4.853,-17.77501877,10.66920596,6.613290259999999,16.590454,50.756479770678695,-141.86195201700764,-12.791822208769895,-8.385058743868516,-20.623006531255076,-0.6746214955980363,8.200476969493982,359.008777386427,0.007880115157718103,-6.59439325079772,224.29648869126004,6.596478912572266
IC_4665,266.53244462,5.63474291,30.52270137,17.08,-0.88090976,-8.53239299,2.8809633850000003,-15.0875825,285.81491511632987,168.51042340773256,101.96433021765453,-4.454203579535498,-17.94427347513574,-9.220059242780026,7.9656852575408985,1.2121534054411427,0.12204406270058059,-1.8178308376424095,227.14503029587658,-1.9588326708236101
IC_4756,279.6274683,5.43708948,36.31393719,5.345,1.28434803,-4.96816324,2.1039948199999996,-24.9444515,381.31284616109116,280.24496192887676,44.27618820281472,-14.296564586142287,-21.28473930180211,-9.922995129190133,7.873539297824564,2.0397715897638875,0.06411563383075154,11.18224692949182,223.4588687721725,-2.636970632144396
L_1641S,85.64130715,-8.1379881,212.46945425,-18.99,0.07357744,-0.32772562,2.3471099950000003,16.0138875,-339.8983753892291,-216.284480345431,-138.61358386784437,-12.378250996388148,-8.658998666504946,-5.35774619985316,8.592942913209962,358.5577156655989,-0.11695699159773773,-4.65738124630524,236.2986572425493,1.9234485899491103
LISC_3534,12.08771052,49.9056108,122.42187932,-12.96,7.36805554,-3.08160515,2.180123195,-5.2703595,-239.65862002979807,377.3229955335709,-102.89470799547836,-9.86999253170825,-14.186364179107189,-5.539188188658208,8.498271272248939,2.544770031583255,-0.08148994080863656,9.033260830125764,230.64002578739917,1.7356788097821514
LP_2383,95.38010328,-16.096699,224.19589087,-13.75,-5.36977486,5.04856008,2.69482763,23.3170885,-258.42310757986905,-251.2694334697473,-88.21826265749114,-23.78478570925777,-6.366599119117075,-10.27297843293432,8.512327912167471,358.30848288154675,-0.06676718149584739,5.661020437569738,238.90464629806218,-2.9630227100155304
Mamajek_2,264.35995363,-8.01569742,17.0390411,12.48,-10.06891693,-19.49983116,4.928151895,-18.855200500000002,189.4269828745761,58.05480951698175,43.839350689224744,-11.205147232218378,-25.485710701131786,-5.107129092061822,8.060645941755398,0.41266054382666084,0.0641619821771663,1.6989922200311371,219.5077639317178,2.171084261478042
Mamajek_4,276.37097642,-50.63734376,344.0948206,-16.78,3.65935229,-21.66951799,2.20996556,-28.78024,416.63532463278995,-118.72241420648255,-130.66135143501734,-44.40115176291656,-28.86066107829925,-15.687461672123156,7.83456872057217,359.13172440160895,-0.11091094042791003,30.061429357426274,216.619817880839,-8.325573024192451
Melotte_20,51.3319384,49.11865853,147.11987574,-6.389,22.91817838,-25.46256265,5.736072535,-0.939056,-145.498848572764,94.05584552909524,-19.400626206552907,-13.472871830143966,-23.97958345057176,-6.774113148132024,8.39604780724327,0.6418645081200225,0.0017661985212323473,4.865733383151918,220.9797973338577,0.5098218751351654
Melotte_22,56.67978318,24.10845447,166.52495523,-23.57,19.95516294,-45.45667271,7.35726739,5.435533,-121.1506839855718,29.0299030302827,-54.35099717331622,-6.581666804932454,-28.45921138180331,-14.122878266638503,8.371311339756026,0.1986911274234444,-0.033245508888099636,-3.7317921536677936,216.55505873709842,-6.8562908090514085
Melotte_25,66.70864584,16.0807978,179.87334917,-22.22,104.13554468,-28.73230917,20.51635582,39.5613485,-45.12178014888514,0.09974067924186548,-18.43254015506012,-42.14919131228603,-20.2283514553524,-1.5437076191090837,8.29514186272323,0.0006894006357640592,0.002481215503416017,31.055670720015524,224.77131636437872,5.812474339838053
Melotte_111,186.01719879,26.42267478,217.97016467,83.85,-12.15455037,-8.85532637,11.56666211,-0.100737,-7.29978776641777,-5.697100307602733,85.95805003244458,-2.4812856530891207,-5.6011145574191055,-0.6832661310102549,8.257058919310005,359.96046695594293,0.10677616265568284,-8.782174119977139,239.39288619910445,6.572980120061029
NGC_752,29.1600657,37.79271833,136.90704019,-23.3,9.77175064,-11.82399053,2.2702253150000002,6.2069775,-295.4225652653308,276.3834675171454,-174.2545415563015,-16.904763737598454,-20.269095002158423,-19.17926502684191,8.55030238256913,1.8523784207217773,-0.15270918293553876,13.114306857087485,224.42431378401878,-11.886637564762319
NGC_1039,40.54817559,42.72207819,143.69445498,-15.64,0.65212726,-5.79089943,1.99754068,-7.666821,-388.4934472438712,285.4346977832343,-134.96607225499264,4.179804435532658,-12.128796748238994,-9.244367509363752,8.643520066322761,1.8924245384588971,-0.11318630686649306,-7.558051039770112,233.24801831643148,-2.0048881394882336
NGC_1662,72.11399813,10.90376029,187.72478776,-21.13,-1.15382687,-1.96639902,2.427664545,-13.1219645,-380.7314623809052,-51.6446493426973,-148.50338538434949,13.823495998535565,-0.0012650328119687142,0.9575926820401761,8.631232782098058,359.6571746605722,-0.1267436298453642,-26.391343023278647,244.84519375885648,8.172757460355935
NGC_1901,79.28836879,-68.44091363,279.05103771,-33.7,1.70310076,12.70100156,2.37429623,0.944332,55.12225987599175,-346.0330121966112,-233.69451016159258,-25.23472883818349,-3.8895932865806944,-1.8947767773578337,8.202742822058786,357.5822599883645,-0.21303317173039849,3.95559606427813,241.49227220864248,5.418809519046848
NGC_1980,83.80061649,-5.92125053,209.50550151,-19.64,1.26450975,0.47226794,2.60043846,23.9785115,-315.20747432082175,-178.37576477848444,-129.24955836230671,-20.238284468021465,-11.760493756816274,-5.755561767353068,8.567363217038597,358.8069970795905,-0.10765515588521836,4.294627191274742,233.37953790806543,1.5454352984750483
NGC_2068,86.65871356,0.138454,205.25913724,-14.31,-0.44384983,-0.73846811,2.422278715,9.3048675,-361.7739081701422,-170.69418443889194,-102.05578585858886,-7.461200209604624,-4.477274343043426,-3.7024575663029844,8.613695302556179,358.8645211665094,-0.08034412124137805,-8.395107350600364,240.40358333815539,3.5663482108468045
NGC_2232,96.97754497,-4.77170078,214.51912228,-7.401,-4.71676549,-1.76993354,3.11778195,24.633259000000002,-262.06837134749577,-180.24340980243628,-41.31789056712487,-19.788601436585008,-12.604066769361724,-10.724788787986203,8.514053692394455,358.7869537658762,-0.019857668872922164,3.793782548471466,232.5283942071776,-3.4249102863475938
NGC_2422,114.16908692,-14.49265462,230.97724709,3.145,-7.06899337,1.04226181,2.09522637,34.4456,-300.05370533470733,-370.2347513168588,26.187946301378453,-29.737174984057276,-21.07678208289585,-10.923699577068572,8.557973172044054,357.5204996521514,0.04774338978171859,8.959796682331461,224.52108450704785,-3.598764644545778
NGC_2516,119.52149869,-60.79290454,273.85335788,-15.87,-4.63356801,11.22568623,2.424838795,23.176638,26.657840405128066,-395.77902750090936,-112.78689614860446,-22.055421558631735,-24.412664824519112,-4.290755908276823,8.233118948176765,357.24464048120035,-0.09205429041187066,0.3495290195749231,220.8595013546575,3.0147967400986433
NGC_2547,122.5334753,-49.1946722,264.4460579,-8.589,-8.5678008,4.33055581,2.57964911,11.863476,-37.097081236030846,-381.5028441508905,-57.89313593814438,-16.033470548044438,-8.858154892058218,-10.78997917893939,8.295993584538698,357.36424488401315,-0.03700003510668566,-5.903942053657264,236.12017432293115,-3.4995570836945387
NGC_2632,130.08810396,19.66587324,205.91583177,32.47,-35.94345088,-12.90300685,5.398298295,34.781013,-140.56299024332594,-68.30172486094779,99.4590221183385,-42.72115238813204,-20.4151882048213,-9.616490964880887,8.390563775281347,359.53358978337917,0.12061279413018784,29.816029692089216,224.83502662611585,-2.2588424350998935
NGC_3228,155.27782996,-51.84506453,280.72753235,4.426,-14.85550469,-0.59461221,2.07257525,12.8853415,89.54256669561688,-472.645614668286,37.23340727399571,-24.602247685470306,-19.27880845085871,-18.58620532111073,8.174014449005584,356.68513918125325,0.05780696829779012,0.47447974614677296,226.1270213894118,-11.274182317280538
NGC_3532,166.39353892,-58.69378637,289.53815923,1.398,-10.40235076,5.22862058,2.086111835,4.8191015,160.26710418237013,-451.62421507610395,11.691484900618747,-23.292599292389188,-13.338290854414554,1.6447953624141198,8.102274809197286,356.8046517941108,0.03208694750732508,-0.7434833010020463,231.98094871563697,8.953462824689373
NGC_6405,265.0672502,-32.22806085,356.59448098,-0.7518,-1.36839341,-5.84711113,2.1866032449999997,-10.704214,456.4834464952097,-27.16424011093996,-6.000393893027072,-11.471297825888437,-11.656952005458505,-4.073653048590958,7.793554268815473,359.80029352025974,0.013649347095981468,-0.43178922403821934,233.34297707076283,3.2052479449894893
NGC_6475,268.47605534,-34.82833007,355.83593782,-4.528,3.07998546,-5.36587612,3.57722902,-14.5944505,277.9379258364582,-20.235221418115984,-22.068107481759515,-15.367227516498664,-2.991876736909406,-5.925929705518674,7.9721180431951435,359.8545672581011,-0.001968409747093897,3.6678159513952777,242.01823584176623,1.362806764525277
NGC_6633,276.80547862,6.55920048,36.05411555,8.357,1.20413826,-1.80368368,2.53345454,-28.23869,315.7260311081431,229.84431312806913,57.3666325069265,-20.989381049475153,-17.768391945123106,-7.5908274187073985,7.937432473574429,1.6593436937264698,0.07737122706220044,16.484241271458018,226.8494323857276,-0.2879407383576027
NGC_6882,302.89721137,26.75074414,65.70597433,-3.845,1.71914666,-9.21492171,2.09168804,-20.097675,196.24966335221035,434.7656909724891,-32.06233006415331,5.358925838835368,-25.498390984436227,-13.279950785203894,8.06553147958297,3.0899774803407354,-0.011756096829087717,-4.569495049428962,220.06789169007138,-6.0434493376722545
NGC_7058,320.40859279,50.83012287,92.87902616,0.626,7.42877707,2.80492784,2.73937407,-19.2890305,-18.334241414512523,364.5643795649022,3.98806894712341,-11.552502230070322,-19.831631369027324,-5.842597381306458,8.276330826595247,2.524640711732445,0.02483478918792959,10.385202980988504,224.92925282566546,1.4365018572271906
NGC_7429,344.08989068,59.91164567,108.96934678,0.1968,4.77057799,-2.24451191,2.37119586,-12.137218,-137.08708898093423,398.822828321591,1.4487012999128832,-2.3961028469023313,-13.628177643376961,-8.181592093236342,8.396533509564602,2.7224893553915877,0.02259471098742054,2.316345409279619,231.52313189570202,-0.9255484512283753
NGC_2451A,115.97067167,-38.24075459,252.50071959,-7.104,-20.98716191,15.3272144,5.2031659,23.417883,-57.34688578018265,-181.88905026345319,-23.769015975205175,-27.130341446453137,-14.5276789265627,-12.72381563995131,8.309371524056122,358.7457171384424,-0.002824705674576194,11.013529624333904,230.7687406090853,-5.405434037548976
NGC_2451B,116.17612228,-37.94207387,252.31756636,-6.817,-9.40029622,4.74440955,2.70909006,15.008157,-111.32646756092645,-349.20152497455297,-43.81691031898178,-18.719714047564725,-8.391486751986653,-11.99550237753849,8.368699378528209,357.60852030991475,-0.02273676502247812,-2.2297571413488595,236.72168066436134,-4.698307026014324
OC_0279,58.54704722,31.9230373,162.27109195,-16.65,6.30010426,-9.79728859,3.52194229,14.191748,-259.1063645367682,82.83545680709322,-81.36848528562021,-16.398481223745325,-10.611142255623465,-8.105731752991664,8.50968745844034,0.5577428909743105,-0.05991521424854449,7.60022254247733,234.32600430925692,-0.8144010031588115
OC_0450,118.13779525,-42.43187045,256.99872131,-7.733,-11.39780711,4.65864242,3.0507209,12.0320865,-73.07342921864468,-316.4835713483664,-44.10905626192566,-17.055160695154882,-6.678422330402498,-13.242726215379657,8.329173296701233,357.8224091559928,-0.023125251328776374,-3.0713447772997227,238.37705419945715,-5.949718701727991
OC_0470,117.37501493,-46.36827056,260.1974651,-10.14,-4.68403055,8.97455095,2.54101918,17.974474,-65.95463421253352,-381.7359119284042,-69.30855818919153,-21.63080269695222,-14.298695702764112,-2.7233129963682168,8.324860038814402,357.3717853099217,-0.04834270675159183,-0.05226465819728504,230.94185722192765,4.581179561554741
OC_0479,119.55156357,-49.19828207,263.43168999,-10.26,-5.38750259,8.2370267,2.474384425,19.6576415,-45.489421746041025,-395.06726723007483,-71.98924058242565,-20.893964781663822,-16.875153705533403,-4.544875039957085,8.305046721952428,357.27343807811053,-0.0510749680343989,-1.0575256554411603,228.33305555254395,2.757762852398858
OC_0666,242.19099119,-39.08487376,339.56610334,9.364,-9.86568909,-23.49564657,6.27948126,-1.6086555,147.23956086251798,-54.857079513755146,25.911391048223617,-6.424979610265367,-16.35290530964718,-7.997947511321724,8.102855143196319,359.6120980671792,0.04634021692242532,-6.202732821134582,228.61035837982612,-0.7317565618095031
OCSN_3,276.45600524,-21.0374784,11.34687265,-4.074,7.26510099,-28.92548122,6.6397852749999995,-10.722863499999999,147.2903869769373,29.556850827526723,-10.699871961465952,-8.34142398720777,-17.903764371763867,-13.350548011582038,8.102764701421412,0.20900022109199767,0.009729065862807047,-1.8965404514567124,227.10469200059376,-6.0795133239995
OCSN_6,276.96932578,-5.90909812,24.98225418,2.516,-0.04145584,-10.61194384,2.34265297,-13.278975,386.5551848060221,180.10790564103843,18.74068496263045,-3.578901534188195,-22.703392533287797,-10.450297766477531,7.865434807336879,1.3121083525191182,0.03856685526213507,-2.4025073953592693,222.40995778957648,-3.191279837454724
OCSN_10,276.08938572,15.68969843,44.11044222,12.96,-1.58557469,-7.29133362,2.68996914,-16.0033775,260.11522692646264,252.1611325562789,83.39060113430551,-1.8032246275061663,-19.61768615672288,-6.3965850770943,7.9936272406568625,1.8077081369675057,0.1035352728366477,-2.1662899433495006,225.5629179190258,0.8579501913928519
OCSN_15,285.09925879,27.18952386,58.35692818,10.22,-5.53809215,-4.53220163,4.03651123,-24.98779,127.90830481646091,207.5621981966465,43.952900188935715,-6.770029951887102,-25.463516065683557,-0.8926808186709794,8.124606695554432,1.4639135017201852,0.06443076415212315,1.282265474237879,219.57539948922658,6.374343664635141
OCSN_19,294.04808674,29.61483271,64.14287389,4.313,0.91252732,-4.5868191,3.25814534,-22.426869500000002,133.47890257672432,275.4132552619341,23.080249012392464,-4.9285303520275585,-22.096199733626783,-6.060711121898333,8.121108304961291,1.943458189588739,0.043544242057015015,1.4067387590772997,222.98437161374503,1.2016945309344231
OCSN_24,314.7721801,48.76105233,88.88540276,1.877,13.33925553,2.83194813,6.33579773,-23.777035,3.0685528737230454,157.71880934740153,5.168997304346519,-8.592786180574796,-23.39992802029861,-6.932138317152717,8.248400083522549,1.095627295529681,0.025961480107890757,1.7479493895071827,221.60718285641747,0.33950131173039755
OCSN_27,321.60720713,47.63254455,91.19923459,-2.205,3.25719965,-2.50569982,2.40684385,-15.2694,-8.689206682366452,415.08323087247334,-15.987466900174905,-0.8608624767413839,-15.587606125269161,-7.412977362279861,8.269127340519303,2.877270716313461,0.004835087468380957,1.3081934290667872,229.63622968896365,-0.1608075030586071
OCSN_28,324.41902709,50.89109399,94.76215599,-1.066,3.88070307,-2.12111417,2.276750345,-13.534161,-36.457777508209276,437.6304503391397,-8.175098332941548,-1.9378217488141072,-13.902169433872903,-8.422631126876993,8.29799982517374,3.023140431489537,0.012717435011052765,3.0597059037507344,231.25831655968537,-1.167741889373196
OCSN_32,340.36750758,40.21033521,97.64291882,-16.19,-2.0615026,-5.24501666,2.32358935,-16.847929,-54.96741124523702,409.62077763317916,-120.02738352470334,11.313403886509954,-16.828547577638748,-2.2025881707032395,8.315338352905373,2.823584102514161,-0.09908789594479024,-11.140668435044097,228.99826086977592,5.018886844866923
OCSN_40,358.85783667,56.48449254,115.21817948,-5.546,7.9218993,-3.12562599,2.47302624,-11.319819,-171.47889980899205,364.11128981360827,-39.08055926084404,-7.063374492933801,-16.756140898506818,-7.997987748696293,8.42941789956672,2.475680508437449,-0.01784781198668825,5.846339806312454,228.204338247249,-0.7301887752314677
OCSN_49,89.91677588,45.49630866,166.97595407,10.69,-4.01128469,-7.58387008,4.62830266,-0.612573,-206.85103967383876,47.846772667145395,40.07606302513873,-1.8386328828903664,-4.630463468015382,-7.264288766657011,8.456858489093014,0.32416770581019705,0.06139722524279362,-7.882962189783922,240.4179968046067,-0.009639543773311063
OCSN_61,84.08365125,-0.40216642,204.489898,-16.84,-1.04468439,-0.63025251,2.58416605,29.953518,-337.06170383913684,-153.53610299332124,-112.08670843747433,-25.455813962308323,-11.715131764098597,-10.815717449169835,8.588689439184062,358.97569798338407,-0.09043725615130223,10.210383535227214,233.5047470357081,-3.501557221933989
OCSN_65,83.76420766,-2.15505865,205.95275798,-17.94,-1.25773648,0.92965469,2.368764025,31.338455,-361.1239174080351,-175.7634626718182,-130.06423949883464,-27.66664889054721,-10.32800196596291,-10.944609171093266,8.613217960226512,358.83073045402693,-0.10835413123279787,11.801931844237092,234.96179787747005,-3.6248756810473175
OCSN_76,99.63808779,-16.76476224,226.5828343,-10.34,-4.29528756,5.01655739,2.16679737,25.741259499999998,-312.05178200961296,-329.7875353306523,-82.8004846722404,-27.068977101215125,-8.316879137158988,-8.334963838189923,8.568582284109853,357.7942583933598,-0.0612144033524652,6.868605359188324,237.12320978182393,-1.0167416854609752
OCSN_82,108.5313574,-35.06059214,246.87011795,-10.95,-5.44022986,6.45689992,2.41904969,18.063782,-159.428707615889,-373.2358574350144,-78.51771197485394,-21.384584893918042,-9.292450298125365,-7.510568785697306,8.417878589203463,357.45876149251194,-0.05731628466064205,-0.15758818846889017,235.93261713074423,-0.20667410315073872
OCSN_86,138.25821807,-29.7467166,256.40223507,12.79,-20.76322919,16.3728189,3.835125095,25.166836,-59.782089576416006,-247.15172483611065,57.71900242518365,-37.36340303585678,-17.480762208365864,0.14087997508576125,8.313285160793225,358.2963607077694,0.0786690945019154,19.487249469511152,228.19949323858745,7.485001477966953
OCSN_88,140.96126277,-63.04946734,281.76058496,-9.066,-34.22873019,39.49051883,11.33647719,18.333874,17.754774706963612,-85.28034635458367,-13.898923050661292,-17.606414211950423,-22.398577336448508,-1.4163418712161462,8.232695873120166,359.4064773967072,0.006856257869944455,4.203728742892726,222.65693269784106,5.877994082249846
OCSN_89,186.45011925,-65.88346546,300.31371314,-3.142,-13.75102933,-2.68489211,2.42856665,0.954701,207.5197126861952,-354.9323853554884,-22.57013324396624,-22.34344540678429,-13.66718706105555,-7.926006222466779,8.050340069552554,357.473059416777,-0.0022934862859958186,1.0531410760802653,231.604489367852,-0.619700518272231
OCSN_92,231.55515653,-36.0620607,334.84284162,17.04,-20.49808379,-24.57592904,7.11287076,2.384808,121.66601644717305,-57.14060340198353,41.206058724958005,-5.2865195612327796,-20.321783454779577,-4.434506453377227,8.12840521787471,359.59722082699034,0.06169927242130973,-7.381595993546017,224.63188754475004,2.828798693328296
OCSN_96,240.42965468,-22.70921448,350.27381794,22.2,-11.54067677,-23.88756784,7.06418922,-7.704747,129.1793542220116,-22.14179109576915,53.492088884659935,-7.713624992012033,-15.754166190218738,-8.282741041622451,8.120690253958472,359.8437763170873,0.07396638293845534,-3.9905665927667195,229.23582453524762,-1.0133012060503765
OCSN_99,255.99372708,-30.17794775,353.88523372,6.803,-9.61660409,-46.30324542,7.038993295,0.733945,140.262860143726,-15.02633796326196,16.829204893340584,-0.749543781867867,-28.907177542714695,-13.367678674942544,8.109682893984012,359.89383615332036,0.037275697768462235,-10.717130344053965,216.07335585625262,-6.115789943408927
OCSN_100,242.72133493,-19.38334114,354.47965913,22.95,-8.64069949,-24.32894341,7.18652141,-7.18004,127.54466947293962,-12.326856506474636,54.249017575662954,-5.5290174921316515,-15.236855453422024,-8.879864734582359,8.12230218493581,359.9130433132385,0.07472744266727448,-5.8973110636281705,229.7544771052583,-1.6159269767488063
PHOC_40,287.72139775,14.0045922,47.58997263,2.13,-1.73986216,-9.60731927,2.99360936,20.333568,225.1348589697647,246.46749146975964,12.412883942101525,24.72426597678463,5.166287478912415,-3.80982756936935,8.028592130021805,1.7591817795709517,0.03264591548396942,-28.117935531490794,251.14782382630452,3.377892371153136
Platais_3,68.4056132,71.48936129,138.72053885,15.82,3.76713715,-20.6811704,5.574134645,7.512481,-129.71557738328292,113.87555784957935,48.893783436786734,-17.47835024585691,-5.26415831326726,-6.545124669196218,8.380339367713878,0.7785833213471278,0.07002065003528643,9.65183421906422,239.62683834370299,0.7489300008060358
Platais_8,136.89483575,-59.30881905,277.6513625,-7.924,-16.23794509,13.7426203,7.40842374,20.9333275,17.800485030148565,-132.50225091406813,-18.609033985419167,-10.636887131123453,-22.088889421271904,-4.735641111560307,8.233286645435125,359.07787166719856,0.0021459774574492984,-4.038550735770353,222.87499728555247,2.541144153165151
Platais_9,138.32068636,-43.55757013,266.68090831,3.438,-24.55924413,13.30087256,5.38275558,16.1266955,-10.736602036504204,-185.1330938135192,11.139849108375513,-24.295222027097836,-15.175483924133776,-6.673330144850938,8.262756731757307,358.7161387724734,0.0319665961300167,8.059270780932682,230.06287728559766,0.6378874198735839
Platais_10,205.27895725,-59.1564596,309.2717928,3.102,-29.31193519,-10.78770355,4.12929273,-17.522535,153.07030428872798,-187.20332458796506,13.106594503622315,-38.285315388827264,-9.102178473261889,-6.644323132321516,8.09903493749243,358.6755304701705,0.03352057474810292,21.742064027124787,236.4635956098725,0.7021552154322881
Platais_12,207.9194603,-63.45382482,309.60222827,-1.365,-8.30956456,-5.40913465,2.2266366,-11.865232,286.20435195702373,-345.93423804127195,-10.69777646646915,-22.98276207584782,-3.399389255318649,-6.826879787746107,7.971307491553822,357.5127276216764,0.009380577953344965,1.4038295603920816,241.88945210601912,0.48104842265031983
Pozzo_1,122.37463462,-47.35367097,262.81405717,-7.7,-6.36393772,9.43673891,2.88226132,15.658601,-43.008582332391626,-341.1210271739777,-46.485192792340754,-20.494751920290863,-12.975679102362955,-2.689487362633442,8.300112392069803,357.64457463720765,-0.025577173270434912,-0.14228490624338475,232.21469305790527,4.612144429168145
RSG_4,287.69565386,56.52277694,87.18364802,19.81,-2.48874985,3.73392428,3.0690686449999998,-22.839574,15.061980599797636,306.17364865462486,110.44075937696897,-5.296209158599966,-23.136156283474303,-2.520858484644349,8.24032325546627,2.129344450948878,0.13120290487857458,2.4500352988907115,221.92606098924844,4.742460875287582
RSG_5,303.9087026,45.73801653,82.02120786,5.938,3.64509419,1.59693391,2.961962105,-7.099842,46.61158298206011,332.55175179549525,34.927559357184585,-6.22234875690558,-5.896586675913392,-4.181586326168039,8.21001189506933,2.321436411927948,0.05561048518809985,4.821899099465802,239.10434165911778,3.0840972565300415
RSG_8,345.45296036,59.50879452,109.42476664,-0.457,5.66372844,-1.71570117,2.05261626,-8.257218,-162.01676106280212,459.4375518390578,-3.8859353878983116,-6.9523271561159845,-11.28288971480807,-8.907108337700462,8.424536588044406,3.1262143990083757,0.017322997435515682,8.626817853132488,233.59429017156404,-1.6395782665411132
Renou_23,84.52613546,57.10841925,154.92383961,13.35,-3.25543054,-3.9893691,2.08000741,-6.735727,-423.68925214337565,198.25561870035298,110.99339471072605,1.8599541168638343,-5.5224891397972105,-12.211642733443634,8.675647388901716,1.3094368450758225,0.13286093712876829,-7.453256831190748,239.71044706375292,-4.966298741084335
Roslund_6,307.5933066,40.35590523,79.12944705,0.659,5.94979624,2.13036343,2.83373732,-8.1963,66.54754672108464,346.5355793337383,4.05898822718023,-10.115754183639236,-6.3332470827784615,-6.042216378923127,8.190749814907551,2.4248024701428506,0.024691798303685838,9.129371433306455,238.49406974858528,1.2332829985108849
Ruprecht_98,179.71142295,-64.61283405,297.33078733,-2.315,-4.30392821,-8.4756324,2.0891096,-5.298622,219.59231248773506,-424.8919699068274,-19.33148631879457,-7.851042122544017,2.8481201849195164,-20.581216975202455,8.04166399126592,356.97129002150297,0.0009146274569881641,-16.288050674885007,247.33303519737015,-13.311364555009924
Ruprecht_147,289.14078193,-16.26885181,21.01159074,-12.78,-0.94930232,-26.67227184,3.25603743,41.731331999999995,279.5975508750387,107.39234521179453,-67.94026319502133,47.71412856682147,-20.030791138395944,-23.947522313191833,7.971271658609842,0.7719351899022797,-0.0478444145581903,-55.717407838347114,225.74033453253244,-16.817704808210856
Sigma_Orionis,84.70986394,-2.6097557,206.83665469,-17.32,1.47999041,-0.60964801,2.49564717,27.942305,-341.3296677531639,-172.69219277211707,-119.28992091567493,-23.269270005991793,-14.384151478428786,-6.453970067692485,8.593338490356137,358.84850670284663,-0.09762971952059311,7.548555457689614,230.81418714502811,0.8546627869209246
Stephenson_1,283.57834457,36.88066358,66.89322788,15.35,1.12088982,-3.01778349,2.79017663,-18.47996,135.63466415697835,317.8869000742396,94.87831888400603,-2.928587001128234,-17.05123200051716,-8.491308494118512,8.120324721598383,2.2435331562146814,0.11533671423538966,0.7797561151330947,228.0931003038031,-1.233927145414225
Stock_1,293.98453621,25.18832336,60.23737792,2.216,6.0606372,0.21842072,2.4570505999999996,-19.163784,201.88289210690968,353.0412517556455,15.737887560733732,-14.56734001907495,-13.28306184034709,-10.747423987030954,8.055791184357151,2.5117634801404165,0.03602965469647361,13.645910900149548,231.34120446721207,-3.460702843547514
Stock_2,33.8500429,59.57700901,133.38681928,-1.58,15.82887813,-13.71297933,2.67383567,8.816691,-256.80685015056815,271.69080114955733,-10.309346188708982,-30.751526598680062,-17.47405352600697,-14.329852150671474,8.51114307759112,1.829295503744305,0.011138181943530927,26.94056062556749,226.7815796423457,-7.002345177685334
Stock_10,84.74159725,37.80836692,171.72088064,3.49,-3.15027248,-0.4284188,2.790842855,-13.319523,-353.9230023182497,51.50006195676847,21.809884515977647,13.180137412712936,0.329731807263974,-5.722551862573443,8.603994786380582,0.3429535832685815,0.04350169918762447,-22.796787775024722,245.47057854416266,1.4942557309056406
Stock_12,353.87006436,52.62348853,111.40986754,-8.541,8.57070471,-1.91736252,2.28677092,-4.166732,-157.8597595595429,402.6065148036636,-64.94380323954468,-12.73996546869011,-10.85743609681313,-8.284757918489593,8.41762995629278,2.7414452938111538,-0.04374523465357833,12.85771420185564,233.79518591656782,-1.0026456192550062
Teutsch_35,294.08420856,35.70828544,69.5326028,7.208,-0.62957767,-2.47729536,2.0066698,-6.792361,172.87906242547476,463.18937068043533,62.5243224415072,3.1946873977689614,-8.188015933020178,-2.3124574919273932,8.09020766572221,3.2821532819309027,0.0828891858713979,-0.7071947418405389,237.24162135037741,4.929487929668945
Teutsch_179,276.62440081,26.40809359,54.4741633,16.82,0.53738669,-5.34005216,2.8868606999999997,-19.3504305,192.66914515565114,269.854699197517,100.23946736408782,-3.740958457257861,-18.60786007323281,-9.584509108005252,8.06157025385573,1.9182870211350007,0.12055406086652172,0.24751497070664405,226.5108126504233,-2.3250795735582095
Teutsch_J0450.9+5209,72.57019424,52.26422336,154.96670499,4.927,9.1260815,-16.95131434,3.313461975,14.149578,-272.43832757418966,127.23287141060224,25.920641489209892,-24.621972038456466,-18.317870181075982,-4.128103147585113,8.523295509622503,0.8553252257033535,0.047407230653554476,16.914645361452614,226.4548947946473,3.18392506703441
Theia_5,315.43205286,68.15259758,104.05994066,14.18,7.90627933,-1.13147023,2.91090289,-12.710845,-80.91552979373745,323.0941336632802,84.14188265710254,-4.2005954000543655,-10.946590823341797,-13.902080836153624,8.336939761779217,2.221026542413341,0.10514597875025888,2.2114073625923454,234.14362919201932,-6.641468175350504
Theia_7,68.30370255,24.38984604,174.13220995,-15.75,6.85008073,-21.31641519,7.73714911,14.012777,-123.7414708608197,12.717134593010403,-35.0855991358291,-13.288294359144583,-11.367398351947088,-8.874040790803473,8.373812910401117,0.08701507609066539,-0.01397366771915862,2.565438513121045,233.62900034119016,-1.5905457000470251
Theia_8,315.57475395,77.0165808,111.35303883,19.65,5.46623941,3.43053528,2.66410216,-21.420677,-128.71541630004307,329.23710996027904,126.2185921931218,-3.1625247693775904,-21.441026109083513,-10.999730924638957,8.384836802245003,2.2503412173508366,0.14734300895219532,0.8745668680462041,223.6971671659536,-3.741758578278814
Theia_11,341.32756666,75.15531408,114.98540817,14.27,7.33204875,0.5212621,2.9055111399999998,-48.179844,-140.89179516880483,302.34443784586733,84.81011535947843,9.321713313433776,-45.81227014379768,-16.71721078895123,8.396096637687343,2.0636740426492395,0.10596530594382896,-13.193525037743843,199.7924264645884,-9.490713575315416
Theia_13,83.13243029,-1.75276594,205.2673307,-18.31,0.10401025,-0.221842,2.40386308,26.5735645,-357.14359242514394,-168.57192958516902,-130.71159818406272,-22.601038685077942,-11.201287444391056,-8.373290682174293,8.609096284142371,358.8780416623705,-0.10901150686300388,6.941943875094003,233.9795316489901,-1.0663308631787753
Theia_23,277.93825957,-3.92511013,27.18997305,2.577,2.06769856,-9.00137421,2.60557764,-8.0025,341.0364851929649,175.19350680352238,17.25379176509588,-0.8254723934017734,-14.817911936757987,-11.231025206896401,7.910834887214534,1.268974733164356,0.037194656723346424,-5.146096243479129,230.35256513126873,-3.978931273194612
Theia_31,127.00160189,-34.91061465,254.44128655,2.152,-7.00640373,10.85306556,2.80524757,19.364339,-95.54829027454753,-343.1700424541901,13.383285483883705,-26.184583229836612,-12.754761425957055,1.7898620017585807,8.352541030216974,357.6453001547901,0.034423500486530687,5.525310311132308,232.66873089805367,9.105817024839855
Theia_35,107.59731527,-19.41426695,232.35104423,-4.717,-8.06155417,3.70158194,2.37100182,23.232826,-256.74924727256916,-332.80706237072064,-34.68446869721759,-24.62670186693607,-9.105598925749995,-12.842732650044159,8.513317529385748,357.75959447772743,-0.013237894822469393,4.326927586569522,236.24417909479877,-5.5306513416073875
Theia_38,291.74519224,21.11655537,55.67424506,2.065,1.18088711,-6.10106144,1.97730691,-10.153701000000002,284.9992973550826,417.39019509079515,18.224651354064143,3.987439273364877,-14.597623740626107,-9.801487843268918,7.975857916147059,2.9997536389711,0.03830706984053383,-2.9847359301559724,230.87493726475017,-2.561525607210902
Theia_54,73.99936217,30.41623858,172.63763426,-8.024,4.4033906,-25.13268944,6.362541795,15.425591,-154.34786837064016,19.94320460480276,-21.94034495097054,-16.055386230361442,-14.82810218157405,-11.031899946360191,8.404400086501333,0.13596123306683694,-0.0007513232561331975,5.529323887184905,230.15945605628792,-3.7414306152864136
Theia_58,120.21633474,-30.74983592,247.81858696,-0.2845,-8.81621627,5.51969883,2.03746034,28.0266845,-185.29723045923757,-454.47839086619547,-2.4367243016485927,-30.685037051860547,-17.698436578088668,-10.787585356158672,8.447511365988765,356.9159838098658,0.018829525347135813,7.354851507993393,228.02754888344532,-3.4602574967833246
Theia_70,257.11682448,-18.20906584,4.34616668,12.99,-5.64481235,-11.39007786,4.76928805,-16.2368365,203.725435060279,15.483284448810725,47.11453221442829,-14.420801273366093,-13.635593243904635,-5.421879247552003,8.046145155138174,0.11025311615176747,0.06740106190856446,3.779633641406461,231.3575834072635,1.8644552266672298
Theia_72,101.70235709,-9.78555471,221.14402479,-5.463,-0.98882833,-4.29692427,3.47950833,28.711391,-215.4433783425976,-188.23495327530296,-27.363232500817713,-18.203050508200292,-22.050878086454798,-6.545017183019533,8.467578091276797,358.7262068374146,-0.006020551589552483,2.1615744991638772,223.05232065740915,0.7508389547979778
Theia_93,80.77503181,24.62370534,180.917334,-6.557,1.83622385,-18.22167172,5.6953355,17.0827855,-174.4113451592888,-2.792651211238202,-20.05046867665546,-15.932934566645406,-13.69920014554628,-9.09169827541643,8.424435559020342,359.9810080869085,0.0011890692400374227,4.779135987546548,231.30242488359923,-1.8015419996324709
Theia_96,305.2868146,48.92470289,85.21050809,6.929,3.02966193,1.96524008,2.849649445,-7.704381,29.086102517829076,347.1406677346749,42.33736249560268,-6.125539163584792,-6.877499397874004,-3.2594457451385446,8.228106887534148,2.418003987188314,0.06306444656672108,5.084455732725365,238.12001667792305,4.005989532623826
Theia_100,346.88760438,46.06794338,104.75438373,-13.1,-0.82571469,-3.14279802,2.06440177,-13.615267500000002,-120.1525991064114,456.22976277155277,-109.83119606485616,8.188358683270808,-12.929150593345556,-2.6154259648509903,8.382826544135051,3.1198280390050286,-0.0887274201176306,-6.622843698320987,232.7762884344681,4.613930508686409
Theia_117,341.11548919,53.92483501,104.82857832,-4.423,12.28170956,-1.52751132,4.31656106,-4.2925865000000005,-59.11319297086351,223.2834496921152,-17.866740753231195,-9.50006118358215,-7.56586000396798,-7.4611515014524725,8.312131099876963,1.5392855178402556,0.003082595700340214,4.797453092326895,237.39095339045275,-0.18720083841228313
Theia_123,43.36894867,68.84017583,133.61121695,8.538,1.46262023,-7.91058202,2.2786606799999998,-5.845632,-299.3502380475479,314.2255138469483,65.15246389271,-4.773073446065207,-9.814750401343336,-13.96963787069251,8.55493136263087,2.1049680166839266,0.08670701484878236,2.350952933412445,235.2576721005346,-6.70758081639156
Theia_139,82.5103576,-2.11038248,205.29191908,-19.03,-2.90151615,-4.27048417,3.07057625,15.072143,-278.3610415208968,-131.53263275325415,-106.19038742028164,-9.216612231258983,-8.463181750692309,-11.581473146240318,8.529615852934906,359.1164268360776,-0.08468883438674334,-5.50155767507516,236.4801249777297,-4.308224947751725
Theia_167,332.02238818,49.19212984,97.50977424,-5.446,4.81281323,0.26086336,2.942664335,-5.495006,-44.213461165404084,335.39244227601336,-32.25228921234973,-5.712947635858978,-6.671905205579912,-3.651213707251199,8.301046363461724,2.3155886452352092,-0.01134028674042802,4.255851518370701,238.35078142711916,3.613183475532032
Theia_169,84.82081692,-25.15919032,229.1639506,-26.31,1.487866,5.41435985,2.44659912,21.386367,-239.5713604763556,-277.1933088707871,-181.1909511138553,-21.10098793140504,-10.722162583147236,-3.9403686827500004,8.494525073776263,358.1299956689033,-0.15978711508376064,2.360587588997799,234.47976875239118,3.3627979667996404
Theia_172,110.27690086,4.081529,212.66379973,8.457,-6.4593433,-5.03574492,2.1212147249999997,13.795977,-392.55768903558203,-251.66745324109704,69.32752777322384,-11.810301626395312,-11.756076033455193,-15.737423771163366,8.646019290870786,358.3320064057561,0.0911160979407861,-6.039622181332476,233.16695592275175,-8.457631679246774
Theia_222,286.56889258,-15.60780356,20.54749684,-10.26,0.66831458,-11.24559539,4.00738777,-23.740858,229.9264646788582,86.18329795426719,-44.45256133708354,-18.85473721501972,-19.52608891787371,-2.109059582097914,8.020623015524391,0.6156661073518137,-0.024231658119242553,10.182323077955875,225.37753201258175,5.188428283333645
Theia_227,272.09036924,-16.47280525,13.40671607,1.729,0.01866203,-3.97928356,2.11056482,-12.325107500000001,460.6851443847102,109.80774908131998,14.295316493947933,-10.047595672757641,-10.411000168457571,-4.7381532035880145,7.7900279275796205,0.807661185301356,0.03393460656225017,2.2663546213162364,234.5803758695757,2.537164309383035
Theia_229,90.25255542,-27.85041429,233.73239659,-22.63,-6.26215474,-0.29761744,3.17459532,2.260292,-171.99514432043463,-234.42070877900642,-121.20269234861628,-1.4118842459102217,2.7192212909323827,-9.130146103852669,8.425535725081943,358.405676294747,-0.09996926128663987,-16.553570208089635,247.3544292875494,-1.8765554922596397
Theia_232,16.86129445,50.35142,125.54555549,-12.44,15.35534508,-7.10769912,3.0819535,-9.998198,-184.20239767407023,257.80840525403136,-69.89118689966261,-12.890114821495306,-23.700157035869275,-7.033777232010577,8.438290697694494,1.7507868317066766,-0.048626437279514274,8.568182177334577,221.14132323378874,0.24869060545640218
Theia_240,279.19236925,-20.35702564,13.12666951,-6.042,0.05574292,-4.83716083,2.37036386,-12.081844,408.57052201764276,95.27783674211801,-44.40445530838593,-10.206248204531379,-11.200330541984744,-3.1544916785254156,7.842095163323624,0.6961321029554313,-0.024633682771853124,1.954789131609017,233.79318965746506,4.121219418922542
Theia_242,282.94518917,16.34005524,47.59244146,7.297,-1.44264293,-3.10796295,2.47238383,-14.2264175,270.5641054113704,296.22701389399305,51.370588413760835,-4.654155279262691,-14.834777126772337,-1.9548291015915644,7.984777551849494,2.126099886578828,0.07148909750759022,2.1023973197496755,230.24573505204972,5.306882800291212
Theia_247,300.27351904,10.21412534,50.2119499,-10.44,-1.53183194,-11.94100934,2.157666165,-9.023900000000001,291.67973182385975,350.2333947371245,-84.0126683609627,11.834940036882978,-23.84101371134937,-8.518438089579439,7.966209041316333,2.5198129988513642,-0.06394685702206168,-13.168036696726789,221.95252939612666,-1.298267463901295
Theia_248,324.69576578,53.66893884,96.73478072,0.8967,8.83652521,6.29021868,2.0790852,-16.679616,-56.39944215645889,477.6033312836206,7.527403259544965,-22.470695349156316,-19.405587793778295,-2.8875629254950494,8.320073052077296,3.290801453194007,0.028470193997284142,24.309122609900527,224.56930721469467,4.419039010008883
Theia_249,103.73507875,-37.5363259,247.57087525,-15.49,-8.87834804,11.0367012,2.30982896,28.364069,-159.18316551212206,-385.650774917506,-115.60596588632615,-35.39852330948776,-12.610573009191086,-15.410975710793245,8.418286265303664,357.3743017461071,-0.09440505774844994,13.665699760983179,233.2604172007606,-8.071748760252651
Theia_253,293.68475836,32.1221016,66.200116,5.791,2.35044452,-1.31953648,2.3493345,-19.047234,170.89275813452008,387.46787536169546,42.94559486569786,-7.35731647814449,-16.866670924530027,-7.332455890010981,8.088259128493334,2.7458023825102487,0.06331541445744703,7.208777514651748,228.0498348508056,-0.06391852210056077
Theia_314,314.63552824,16.41943829,63.51353634,-18.7,5.46537975,-4.5647396,2.72238704,0.5205155,155.17090208931066,311.4089025713459,-117.78760983897655,-0.9931783151285672,-3.3910076571836174,-11.896841692441015,8.101087430548043,2.2030146842921,-0.09737777588410194,-0.7818526587440788,241.81779415004945,-4.644306305336312
Theia_379,105.7020581,2.02929671,212.42014261,3.454,-11.17101532,-7.50857536,3.6365511799999997,13.698478,-231.7046175987373,-147.158510097884,16.569340647676107,-11.307458108216382,-9.658617941620678,-16.563779695886296,8.482912566823892,359.0060048972075,0.03795291708511447,-3.833481952660806,235.31032491674986,-9.2852489601052
Theia_383,113.16541599,0.32274703,217.3816896,9.311,-1.73631634,-0.08622675,2.09628891,1.59443,-374.06106522307067,-285.80190668536846,77.17858168897043,-2.7039876731730472,-0.004995670622445813,-3.268883410790325,8.628574011391649,358.10186187273007,0.09892046943658536,-16.49807797633524,244.58275506588444,3.9879404156784193
Theia_391,356.21939778,55.16953161,113.4577423,-6.473,5.19761808,-4.45627142,2.2404469750000002,-12.1399995,-176.5428111803665,406.84096573080416,-50.31918737043919,-2.1951276939110973,-15.56852962397425,-10.489442292334468,8.436457943638237,2.7641136232843735,-0.029073581808004307,2.1960397470101407,229.59270807034312,-3.2339005825505445
Theia_446,18.55239093,62.75652675,125.53459417,-8.952e-05,7.73126913,-3.69792241,2.57955831,-4.820708,-225.30771877786998,315.4667016934123,-0.0006057061390197165,-9.203108294579192,-12.496869126785192,-5.514833413995338,8.48114961266045,2.1316795450333927,0.02136758299013873,6.76653383302046,232.41229178245788,1.7583555826676196
Theia_517,322.83050675,48.34913184,92.28713837,-2.249,-7.40040877,-19.70399829,3.33053254,-5.845662,-11.973083031186192,299.78191188950734,-11.784916645923428,27.073750673358116,-5.287180908649344,-13.066202108025431,8.267413174564963,2.0780388994587895,0.009045729940689617,-29.423505968390295,240.93817835597778,-5.884388298111834
Theia_698,4.92106533,68.74632783,120.04616622,6.053,-6.68237375,-0.17789813,2.99324879,-7.904051000000001,-166.3431502700411,287.57940916242086,35.226889010191655,13.110566977053237,-1.6219652800252515,0.18936356155904968,8.421139180736793,1.9570151086437875,0.05644634718718281,-15.885589043213598,244.06286555408485,7.406324826846521
Theia_711,282.0939604,-7.74377648,25.68694307,-2.846,1.06521552,-11.38253305,2.30523361,-10.14591,390.4437250451857,187.79830168523458,-21.54167815434283,-1.085884965775119,-22.56166301993568,-12.0588896785052,7.861828713337476,1.3687724613025694,-0.0017251669633852737,-4.667408053013368,222.6133686196812,-4.806148290197124
Theia_792,99.01840397,19.61347762,193.71974775,5.561,3.0526407,-11.17448335,4.7288047,38.259373,-204.46936946381405,-49.91892669719039,20.49168372082073,-34.51389927164372,-20.13682224600482,1.3890104921335806,8.454538282614566,359.6617022518139,0.04180676345226692,22.082223682193515,224.99751147994678,8.725944012658104
Theia_807,87.06814401,-18.71405135,223.37748252,-22.07,-7.16927039,1.28213116,3.065274265,20.855474,-219.75170040481984,-207.6453189551593,-122.56402473169294,-15.625898376177021,-6.414564192206739,-16.62816883424371,8.47257866119631,358.595661349171,-0.10121021402887871,-1.2808418839580695,238.62575844097506,-9.33875161378644
Theia_1023,267.8988096,-40.69386744,350.50327847,-7.071,4.44394143,-6.67161339,2.2375282949999997,-22.906955,437.4436839699729,-73.17723614604151,-55.01946573243773,-25.513471443092676,-3.382013336456076,-12.279376997075914,7.813012891625556,359.4633534037015,-0.035321660574659,12.180679595037677,241.74271761592905,-4.965054618533473
Theia_1117,318.4807219,45.41453902,88.10776965,-2.242,-1.33294699,-11.52195565,2.24669316,-14.2120435,14.685751794434207,444.5154682365985,-17.409732376447117,19.04291241300402,-15.414642240917354,-14.16602118655843,8.247319527223018,3.0896351517477285,0.0033539698979878027,-17.68914745592082,230.87436409742995,-6.963982784922143
Theia_1188,338.74238491,29.99126648,90.74607375,-24.22,-7.84747857,-4.53581818,3.05123968,4.756055,-3.891866555634073,298.86445464625734,-134.44531655880374,13.998860970444388,4.838396974981818,-1.2435209776527287,8.259612936174657,2.0736349690061218,-0.11363464480745328,-16.039137235323878,250.582837848547,5.971216004490494
Theia_1203,281.01510319,-57.17799269,338.56223029,-21.57,5.63979286,-24.90454225,2.444894465,-21.0744095,354.05194498980774,-139.02074778686634,-150.38025411252778,-42.3576417646363,-29.56337448234316,-15.075919303185962,7.897525706593048,358.99136513801227,-0.1304721138737345,27.498322382729565,215.95420383370572,-7.719182824474592
Theia_1918,129.19502773,-48.11716688,266.05844654,-4.353,-10.63562001,1.99984953,2.43630648,11.442674,-28.13298290771787,-408.3054143263638,-31.152740489643016,-16.204763344206295,-9.238449933328603,-15.046273423940042,8.288248867622995,357.1762858490365,-0.010282351418387197,-6.477971320387032,235.72867578809144,-7.755406753836768
Trumpler_10,131.93673075,-42.53380129,262.83807212,0.5994,-12.37983453,6.57073029,2.32585727,19.6998305,-53.60051160745974,-426.5710903581471,4.497765988565745,-28.539578881064813,-16.385734780839464,-11.00422295234281,8.314512880416949,357.0591836664189,0.025432187685111605,5.715309962647992,229.20938290049776,-3.6822985644523762
Turner_5,143.13863165,-36.42924371,264.21421402,11.08,0.06696969,-3.01938497,2.391995695,-4.409981,-41.3589601677275,-408.17853793352947,80.34101112893806,4.568650733439796,3.0702207118533424,-4.997298506122075,8.301171937893466,357.1815610270078,0.1012443729957595,-27.83502043488533,247.00032263619883,2.2412098626361323
UBC_11,246.73246474,-59.704536,327.19279044,-7.413,-0.47628693,-6.78656951,2.17439858,-20.899399,383.3124985441941,-247.0963183182501,-59.33337361399107,-24.641426430677452,2.272801239270842,-6.663884120732135,7.870691931024901,358.20093094448276,-0.039499411090903484,5.788442707959769,247.57659710806846,0.6482313610464183
UBC_32,279.32175734,-14.00302676,18.86531837,-3.271,-1.80814451,-9.22894749,3.53047233,-21.6980565,267.59593373230626,91.43763810601706,-16.15946169067296,-16.764348373011316,-18.551091442265967,-2.2527718765480076,7.9829430117802795,0.6562858340431603,0.003966440606978306,8.26338526017294,226.36912772548544,5.0394505532815
UBC_159,338.99711581,39.63532814,96.39618309,-16.16,-2.0177795,-4.67597109,2.008977305,-14.318826999999999,-53.262280272509436,475.1296587167093,-138.51220785980237,11.462202464675615,-14.512104222463176,-2.73054042352116,8.31716679146931,3.2748852837314644,-0.11757686208477469,-9.351491811965037,231.39999338136417,4.490564725368218
UBC_17a,84.77577508,-1.93244115,206.24135468,-16.95,1.80063282,-1.29854525,2.7609964949999997,17.354288,-310.75463654238393,-153.18893927388226,-105.56943190630517,-13.822893410235043,-10.621069118579273,-3.4380936984765413,8.562364034808125,358.9748716000771,-0.08398628784419006,-1.4621674799672288,234.39030465909013,3.846732301943138
UPK_20,281.11868125,-14.37412033,19.32544333,-4.992,3.33934815,1.0579527,2.11802125,-6.693484,443.84600519085944,155.65396499902948,-41.080509511053144,-8.565924599276915,2.801795482984994,-5.004499039744625,7.807784237463881,1.142306912040226,-0.021398545470777842,2.4191076924464703,247.80283148413378,2.2671052089658987
UPK_24,281.87936788,-11.7013855,22.05467081,-4.449,-3.79754387,-9.85473197,1.9716055899999998,0.366951,468.670449155169,189.87555155282976,-39.34426570982143,9.643913734927473,-23.353594332424503,-2.5563337973438554,7.78372002089089,1.3978053269479176,-0.019724809152982026,-15.3244320989158,222.08631024548365,4.669339521523508
UPK_39,277.47771866,1.07627007,31.43325129,5.28,3.27059594,-8.66752959,2.2819607499999996,-11.7225295,372.3235932099637,227.5639809958085,40.32644694299297,-2.101053353099413,-16.428803189127564,-15.279475855447037,7.880835740233626,1.6546779372503124,0.06018847880055668,-2.3565777801833545,228.7346478737422,-8.024157247270194
UPK_41,279.46200047,0.46068881,31.79180103,3.234,2.65653453,-8.26869537,2.08989652,-5.035665,406.0558935541242,251.6848837589128,26.99055174438001,3.7382134927136623,-14.083817749169935,-14.181554419859411,7.847887771610998,1.837810527080876,0.04676766330924865,-7.389277761758419,231.27213939434702,-6.9409495307754785
UPK_72,284.98782996,27.29271719,58.40864945,10.35,-0.46136415,-4.55442081,2.18061977,-15.8523985,236.32204159069474,384.2659643550284,82.41338833602137,0.1336508296419139,-17.68820415534582,-6.118975270613541,8.02265244606847,2.745379498497698,0.10261821048340294,-0.31765477146972365,227.58823346587465,1.1306814445467896
UPK_88,309.31728743,20.42955069,63.77822321,-12.26,10.14989048,-5.33460385,3.40419965,-3.2790355,126.83252165666815,257.510607261242,-62.399385454531156,-4.807759073133191,-4.951023321974366,-14.767594144922223,8.12737920236766,1.8156823797133086,-0.04191839987278938,1.353892332577669,240.12666714048535,-7.5054400245750506
UPK_116,312.27864576,39.74573283,80.83342036,-2.555,3.28185546,-3.07146408,2.3357668350000003,-19.106438,68.13479813086832,422.2373258597212,-19.08509772464218,-2.4773376514769065,-19.345523349788827,-8.239550169606796,8.192774711101091,2.954205152557563,0.0015438973169718759,3.0392691589660368,225.7979288961644,-0.9833100341633173
UPK_160,305.69888494,64.26321864,98.44213997,15.11,4.06119763,-0.04611594,2.13159817,-20.913977,-66.49102674596406,447.99612808588194,122.32270545204939,-1.9574093646842592,-18.66526899903177,-12.913292054334756,8.328214107095658,3.0835753706342075,0.14329051691670797,3.078276548294352,226.49710135799816,-5.658346189103425
UPK_233,357.65109628,71.57473978,118.11269498,9.274,6.8240867,0.63766432,2.05558773,-10.398788,-226.23579912900195,423.4761472326658,78.40286175332952,-9.131775948486792,-16.094930732273113,-3.9399840929793073,8.486583118034384,2.860218480320782,0.09977329850016807,9.466378360893385,228.7176423759111,3.333014885664841
UPK_292,56.6169366,64.60486845,140.35309415,7.831,0.20614492,-8.12110428,2.25617591,-5.353254,-338.09907487048025,280.1664127161566,60.38811665496293,-4.27190372679594,-10.669459799118618,-13.708221623710283,8.59248812528634,1.8685171772280853,0.08204027136371,0.8506356732754118,234.42747753021132,-6.447429490579027
UPK_303,38.63085637,40.80712489,143.17381647,-17.98,18.21045011,-23.94936007,4.70550605,-7.986828,-161.80535077628198,121.16123236468849,-65.59311610963302,-6.245939569105853,-28.521950524725565,-11.40045785288544,8.41281631334353,0.8252030172605203,-0.04438501617559151,-1.7071067797951622,216.52511456404878,-4.134725089090029
UPK_350,101.74748593,48.33213977,167.6732997,19.22,-4.85101142,-6.3431535,2.30480794,1.768967,-400.2550346980849,87.4651198291109,142.80694468693116,-7.970921827441683,-7.424087985342585,-12.41915214534673,8.650309821646148,0.5793407442729688,0.1646151745430135,-0.6954594152234089,237.59511543787156,-5.149038630453044
UPK_385,75.70132275,12.94782013,188.04563715,-17.08,1.75005705,-3.46079983,3.16468387,16.3414885,-299.07501306886996,-42.275203278239765,-92.81667518841827,-14.447369991348042,-7.8623120852284085,-5.499820746333784,8.549386280409884,359.7166841260739,-0.07126283904836546,2.1885561797292103,237.1514306377816,1.7865893891594202
UPK_398,85.95597768,7.05923289,198.69329903,-11.58,-3.25699586,-1.74801742,2.247237245,27.928684,-412.9335240030451,-139.71646148503154,-89.34241463821208,-24.49558589822981,-8.085884689702675,-13.24375310801068,8.66425781788573,359.07603384072655,-0.06750183393515607,9.606769210567359,237.099900969475,-5.931999414566892
UPK_402,87.51493334,2.90025226,203.17923914,-12.25,-1.10461096,-1.78539867,2.48068628,22.38714,-362.13970701820153,-155.0579763590607,-85.51583839181991,-18.649794168814648,-10.146807449243507,-8.155224050513345,8.613723687776522,358.9685504982597,-0.06380328161987156,3.3414232267471133,234.95144193130355,-0.8582196474812168
UPK_422,87.96384099,-7.39008228,212.82626112,-16.59,0.17105887,-0.60892678,3.3703224599999997,13.682302,-238.94914370056367,-154.14726785943472,-84.71880350342893,-10.505792126681555,-7.818340786576019,-4.061859942845402,8.49053517663759,358.9597295013522,-0.06331666114241052,-4.889971041026347,237.13198049000212,3.2146137798793664
UPK_535,126.56812004,-50.08335551,266.64703716,-6.898,-13.02472582,3.34535044,3.1193259700000002,9.556545,-18.614104893863257,-317.7165868651683,-38.50394748940987,-15.913715629791673,-6.965947512363403,-14.394378927055987,8.2747868723574,357.7995456194242,-0.017657387718558192,-4.2931274608773835,238.0447820334826,-7.104244370319904
UPK_540,115.51642138,-58.66151951,270.93237846,-16.74,-4.84094861,7.68922456,2.723699325,7.860416000000001,5.721159088127407,-351.5410812043941,-105.75247343095731,-15.572143561766202,-7.206064129604647,-4.177651282136505,8.252010774307692,357.55842430526684,-0.08496706930373256,-5.651616267952391,237.76904535301165,3.111589801158083
UPK_545,130.97457173,-58.78431833,275.28166917,-9.939,-8.41735262,2.53057003,2.97225052,26.545790500000003,30.50562904294259,-329.9885128974165,-58.073158298284355,-9.002247040136764,-25.659104662860145,-12.718756972063233,8.226236154586646,357.7010117623229,-0.03735032536115692,-10.862720674621478,219.08151151986002,-5.446070534129817
UPK_552,158.46032851,-46.98559404,279.9196348,9.646,-23.08738128,6.50081735,3.12649157,5.000032,54.320113384528234,-310.61170362021767,53.59116779438865,-33.492740693642965,-12.456038325383862,-8.40464792049355,8.201403103950526,357.82951720357573,0.07425366737154704,13.590601550434414,233.22604784354675,-1.0702451404374287
UPK_569,170.37996059,-72.1139612,296.07383125,-10.45,-25.42415955,-1.04915244,4.06340897,1.088313,106.37342522331039,-217.38643042870848,-44.6368119533684,-25.054928005675915,-11.147271602490967,-11.419844067919348,8.146614285981467,358.47092238899575,-0.024105026757675015,7.738464305274692,234.14263927221526,-4.106691234762705
UPK_606,215.8908159,-46.42378799,319.0372115,13.55,-20.06022191,-16.89067761,5.92090615,8.015829,123.98879140726585,-107.6405152472782,39.562194265432574,-5.905237723764713,-21.14530997346354,-4.804860554588215,8.126598701520894,359.24106778948305,0.06004948623884086,-8.147262089645114,223.76641814559054,2.4600035943118184
UPK_612,255.09853445,-68.52356218,322.60945417,-15.82,-13.32699068,-12.20818597,4.36546158,3.5371025,175.1098227728932,-133.83579023723928,-62.433853703784614,-8.017696637893009,-17.99331498564107,3.106087496301333,8.076130982443091,359.0504635144305,-0.04207509013679808,-6.8516190939015,226.9243059452445,10.37625408647942
UPK_624,254.37712536,-60.51874832,329.06331605,-10.84,-1.71528423,-14.38441516,3.13918609,2.912461,268.359647446258,-160.84338734999335,-59.90907525370125,-9.031848594201065,-16.583242471216767,-11.42155250484046,7.98338653652272,358.84556759847345,-0.039785328426334705,-6.640948430054305,228.32933126594872,-4.148782285942783
UPK_626,239.79050122,-50.4183432,330.6924615,2.052,-7.46422865,-5.60440999,1.958846625,-18.061477500000002,444.87685141238507,-249.73021753049025,18.282266147183552,-26.81914922595778,-10.795864849281081,0.8040361635562183,7.809046678439231,358.16738798912195,0.03796084973057528,8.219239825896938,234.58699400004602,8.121596156219603
UPK_640,249.69239022,-39.50714301,343.3396173,4.909,-11.88245389,-21.39053744,5.6901315199999996,0.788147,167.7476969489497,-50.20031754194249,15.039678346952993,-4.5892125653673315,-19.39668371111536,-4.347076561994779,8.082344667546584,359.64412616094523,0.03541686955664779,-7.900956486740654,225.5586039305417,2.914472603026008
ZHBJZ_1,103.94660748,-5.79122298,218.58198685,-1.674,-7.31801704,-2.44478687,3.489018535,20.9702035,-223.9549547872687,-178.66564240361996,-8.372300239611183,-17.129770627045268,-11.65406995871068,-10.97256844237474,8.475832575095607,358.79215017795116,0.012991781722273396,1.137237999229926,233.42179956838228,-3.679387431779323
beta_Tuc_Group,7.69849312,-62.57926162,307.01126632,-54.39,53.81027074,-21.92139032,20.68385173,10.913794500000002,16.9479251674287,-22.481457418680677,-39.30361465049414,-4.874429798804879,-14.97395867265887,-6.961780290276656,8.233155659357626,359.8435482241651,-0.018546227900518256,-6.836114435444588,230.0082469156096,0.30050234633842027
